Year;CompetitionCode;CompetitionDate;CompetitionName;CompetitionType;Homologation;Site;CompetitionUrl;AthleteKey;Name;NormalizedName;Country;IsFrench;Category;YOB;Slalom;Tricks;Jump;Overall
2022;22FRA001;18-19 Jun 2022;THE FUNGLISS PRO AM;INTER;R;FUNGLISS DOMMA...;https://ems.iwwf.sport/Competitions/Details?Id=f0071619-efdd-402d-9209-c8651f40c647;||NO DATA AVAILABLE IN TABLE;No data available in table;NO DATA AVAILABLE IN TABLE;;0;;;;;;
2022;22FRA002;8-10 Jul 2022;Malibu Open LACANAU proam 2022;INTER;R;Lacanau Ski Cl...;https://ems.iwwf.sport/Competitions/Details?Id=00200053-8e63-4abe-b3ca-440c8ea27133;||NO DATA AVAILABLE IN TABLE;No data available in table;NO DATA AVAILABLE IN TABLE;;0;;;;;;
2022;22FRA003;11-12 Jun 2022;TROPHEE DES JOLIES FILLES;INTER;L;Club Arc Dijon...;https://ems.iwwf.sport/Competitions/Details?Id=000ed3f5-4981-44e1-80ff-942cd627663e;||NO DATA AVAILABLE IN TABLE;No data available in table;NO DATA AVAILABLE IN TABLE;;0;;;;;;
2022;22FRA006;25-26 Jun 2022;LE PLAN D'EAU 3D 1/2;INTER;L;Club Omnisport...;https://ems.iwwf.sport/Competitions/Details?Id=33f20ab8-4dc2-4b9c-88fe-c3068377ffad;||NO DATA AVAILABLE IN TABLE;No data available in table;NO DATA AVAILABLE IN TABLE;;0;;;;;;
2022;22FRA007;30 Sep - 2 Oct 2022;LE PLAN D'EAU 3D 2/2;INTER;L;Club Omnisport...;https://ems.iwwf.sport/Competitions/Details?Id=727c129e-cc26-4223-9f75-e7d5af0accc3;FRA|1996|BISCHOFBERGER ILLANA;BISCHOFBERGER Illana;BISCHOFBERGER ILLANA;FRA;1;Open F (26);1996;Slalom;-;-;-
2022;22FRA007;30 Sep - 2 Oct 2022;LE PLAN D'EAU 3D 2/2;INTER;L;Club Omnisport...;https://ems.iwwf.sport/Competitions/Details?Id=727c129e-cc26-4223-9f75-e7d5af0accc3;FRA|1994|BISCHOFBERGER OSCAR;BISCHOFBERGER Oscar;BISCHOFBERGER OSCAR;FRA;1;Open M (28);1994;Slalom;-;-;-
2022;22FRA007;30 Sep - 2 Oct 2022;LE PLAN D'EAU 3D 2/2;INTER;L;Club Omnisport...;https://ems.iwwf.sport/Competitions/Details?Id=727c129e-cc26-4223-9f75-e7d5af0accc3;FRA|1959|BITTAR CHRISTIAN;BITTAR Christian;BITTAR CHRISTIAN;FRA;1;55+ M (63);1959;Slalom;-;-;-
2022;22FRA007;30 Sep - 2 Oct 2022;LE PLAN D'EAU 3D 2/2;INTER;L;Club Omnisport...;https://ems.iwwf.sport/Competitions/Details?Id=727c129e-cc26-4223-9f75-e7d5af0accc3;FRA|1969|CLEMENCON GUILLAUME;CLEMENCON Guillaume;CLEMENCON GUILLAUME;FRA;1;45+ M (53);1969;Slalom;-;-;-
2022;22FRA007;30 Sep - 2 Oct 2022;LE PLAN D'EAU 3D 2/2;INTER;L;Club Omnisport...;https://ems.iwwf.sport/Competitions/Details?Id=727c129e-cc26-4223-9f75-e7d5af0accc3;FRA|2002|CONSTANS BASTIEN;CONSTANS Bastien;CONSTANS BASTIEN;FRA;1;-21 M (20);2002;Slalom;-;-;-
2022;22FRA007;30 Sep - 2 Oct 2022;LE PLAN D'EAU 3D 2/2;INTER;L;Club Omnisport...;https://ems.iwwf.sport/Competitions/Details?Id=727c129e-cc26-4223-9f75-e7d5af0accc3;FRA|1960|DELAGE PASCAL;DELAGE Pascal;DELAGE PASCAL;FRA;1;55+ M (62);1960;Slalom;Tricks;-;-
2022;22FRA007;30 Sep - 2 Oct 2022;LE PLAN D'EAU 3D 2/2;INTER;L;Club Omnisport...;https://ems.iwwf.sport/Competitions/Details?Id=727c129e-cc26-4223-9f75-e7d5af0accc3;FRA|1985|DELPY ANTHONY;DELPY Anthony;DELPY ANTHONY;FRA;1;35+ M (37);1985;Slalom;Tricks;Jump;Overall
2022;22FRA007;30 Sep - 2 Oct 2022;LE PLAN D'EAU 3D 2/2;INTER;L;Club Omnisport...;https://ems.iwwf.sport/Competitions/Details?Id=727c129e-cc26-4223-9f75-e7d5af0accc3;FRA|1971|DOSCH STEPHANE;DOSCH Stéphane;DOSCH STEPHANE;FRA;1;45+ M (51);1971;Slalom;-;-;-
2022;22FRA007;30 Sep - 2 Oct 2022;LE PLAN D'EAU 3D 2/2;INTER;L;Club Omnisport...;https://ems.iwwf.sport/Competitions/Details?Id=727c129e-cc26-4223-9f75-e7d5af0accc3;FRA|1971|DROUOT SEBASTIEN;DROUOT Sebastien;DROUOT SEBASTIEN;FRA;1;45+ M (51);1971;Slalom;-;-;-
2022;22FRA007;30 Sep - 2 Oct 2022;LE PLAN D'EAU 3D 2/2;INTER;L;Club Omnisport...;https://ems.iwwf.sport/Competitions/Details?Id=727c129e-cc26-4223-9f75-e7d5af0accc3;FRA|1962|FERRARO NICOLAS;FERRARO Nicolas;FERRARO NICOLAS;FRA;1;55+ M (60);1962;Slalom;-;-;-
2022;22FRA007;30 Sep - 2 Oct 2022;LE PLAN D'EAU 3D 2/2;INTER;L;Club Omnisport...;https://ems.iwwf.sport/Competitions/Details?Id=727c129e-cc26-4223-9f75-e7d5af0accc3;NOR|1958|FINSTAD HANNE LOTTE;FINSTAD Hanne Lotte;FINSTAD HANNE LOTTE;NOR;0;55+ F (64);1958;Slalom;Tricks;-;-
2022;22FRA007;30 Sep - 2 Oct 2022;LE PLAN D'EAU 3D 2/2;INTER;L;Club Omnisport...;https://ems.iwwf.sport/Competitions/Details?Id=727c129e-cc26-4223-9f75-e7d5af0accc3;FRA|1981|FONDO VINCENT;FONDO Vincent;FONDO VINCENT;FRA;1;35+ M (41);1981;Slalom;-;-;-
2022;22FRA007;30 Sep - 2 Oct 2022;LE PLAN D'EAU 3D 2/2;INTER;L;Club Omnisport...;https://ems.iwwf.sport/Competitions/Details?Id=727c129e-cc26-4223-9f75-e7d5af0accc3;FRA|1959|GUYAMIER PATRICK;GUYAMIER Patrick;GUYAMIER PATRICK;FRA;1;55+ M (63);1959;Slalom;-;-;-
2022;22FRA007;30 Sep - 2 Oct 2022;LE PLAN D'EAU 3D 2/2;INTER;L;Club Omnisport...;https://ems.iwwf.sport/Competitions/Details?Id=727c129e-cc26-4223-9f75-e7d5af0accc3;BEL|2010|HARDY CAMILLE;HARDY Camille;HARDY CAMILLE;BEL;0;-12 M (12);2010;Slalom;Tricks;-;-
2022;22FRA007;30 Sep - 2 Oct 2022;LE PLAN D'EAU 3D 2/2;INTER;L;Club Omnisport...;https://ems.iwwf.sport/Competitions/Details?Id=727c129e-cc26-4223-9f75-e7d5af0accc3;GRE|1975|MANOUSIS DIMITRIS;MANOUSIS Dimitris;MANOUSIS DIMITRIS;GRE;0;45+ M (47);1975;Slalom;-;-;-
2022;22FRA007;30 Sep - 2 Oct 2022;LE PLAN D'EAU 3D 2/2;INTER;L;Club Omnisport...;https://ems.iwwf.sport/Competitions/Details?Id=727c129e-cc26-4223-9f75-e7d5af0accc3;FRA|1971|MARCHEVET CECILE;MARCHEVET Cecile;MARCHEVET CECILE;FRA;1;45+ F (51);1971;Slalom;-;-;-
2022;22FRA007;30 Sep - 2 Oct 2022;LE PLAN D'EAU 3D 2/2;INTER;L;Club Omnisport...;https://ems.iwwf.sport/Competitions/Details?Id=727c129e-cc26-4223-9f75-e7d5af0accc3;FRA|1969|MARCHEVET THOMAS;MARCHEVET Thomas;MARCHEVET THOMAS;FRA;1;45+ M (53);1969;Slalom;-;-;-
2022;22FRA007;30 Sep - 2 Oct 2022;LE PLAN D'EAU 3D 2/2;INTER;L;Club Omnisport...;https://ems.iwwf.sport/Competitions/Details?Id=727c129e-cc26-4223-9f75-e7d5af0accc3;FRA|1964|MARIN ANNE CECILE;MARIN Anne Cecile;MARIN ANNE CECILE;FRA;1;55+ F (58);1964;Slalom;-;-;-
2022;22FRA007;30 Sep - 2 Oct 2022;LE PLAN D'EAU 3D 2/2;INTER;L;Club Omnisport...;https://ems.iwwf.sport/Competitions/Details?Id=727c129e-cc26-4223-9f75-e7d5af0accc3;FRA|1991|MARTINI MARIE;MARTINI Marie;MARTINI MARIE;FRA;1;Open F (31);1991;Slalom;-;Jump;-
2022;22FRA007;30 Sep - 2 Oct 2022;LE PLAN D'EAU 3D 2/2;INTER;L;Club Omnisport...;https://ems.iwwf.sport/Competitions/Details?Id=727c129e-cc26-4223-9f75-e7d5af0accc3;FRA|1970|MIERMONT STEPHANE;MIERMONT Stéphane;MIERMONT STEPHANE;FRA;1;45+ M (52);1970;Slalom;-;-;-
2022;22FRA007;30 Sep - 2 Oct 2022;LE PLAN D'EAU 3D 2/2;INTER;L;Club Omnisport...;https://ems.iwwf.sport/Competitions/Details?Id=727c129e-cc26-4223-9f75-e7d5af0accc3;FRA|1966|MINOU CATHERINE;MINOU Catherine;MINOU CATHERINE;FRA;1;Open F (56);1966;Slalom;-;-;-
2022;22FRA007;30 Sep - 2 Oct 2022;LE PLAN D'EAU 3D 2/2;INTER;L;Club Omnisport...;https://ems.iwwf.sport/Competitions/Details?Id=727c129e-cc26-4223-9f75-e7d5af0accc3;FRA|2010|MOREL MELITINE;MOREL Melitine;MOREL MELITINE;FRA;1;-12 F (12);2010;Slalom;Tricks;Jump;Overall
2022;22FRA007;30 Sep - 2 Oct 2022;LE PLAN D'EAU 3D 2/2;INTER;L;Club Omnisport...;https://ems.iwwf.sport/Competitions/Details?Id=727c129e-cc26-4223-9f75-e7d5af0accc3;FRA|2004|NEYRAC ALBAN;NEYRAC Alban;NEYRAC ALBAN;FRA;1;-21 M (18);2004;Slalom;-;Jump;-
2022;22FRA007;30 Sep - 2 Oct 2022;LE PLAN D'EAU 3D 2/2;INTER;L;Club Omnisport...;https://ems.iwwf.sport/Competitions/Details?Id=727c129e-cc26-4223-9f75-e7d5af0accc3;FRA|2009|NEYRAC QUENTIN;NEYRAC Quentin;NEYRAC QUENTIN;FRA;1;-14 M (13);2009;Slalom;Tricks;Jump;Overall
2022;22FRA007;30 Sep - 2 Oct 2022;LE PLAN D'EAU 3D 2/2;INTER;L;Club Omnisport...;https://ems.iwwf.sport/Competitions/Details?Id=727c129e-cc26-4223-9f75-e7d5af0accc3;FRA|2003|PAGET MARIE;PAGET Marie;PAGET MARIE;FRA;1;-21 F (19);2003;Slalom;-;Jump;-
2022;22FRA007;30 Sep - 2 Oct 2022;LE PLAN D'EAU 3D 2/2;INTER;L;Club Omnisport...;https://ems.iwwf.sport/Competitions/Details?Id=727c129e-cc26-4223-9f75-e7d5af0accc3;FRA|1959|PAOLI JEAN-MICHEL;PAOLI Jean-Michel;PAOLI JEAN-MICHEL;FRA;1;55+ M (63);1959;-;Tricks;-;-
2022;22FRA007;30 Sep - 2 Oct 2022;LE PLAN D'EAU 3D 2/2;INTER;L;Club Omnisport...;https://ems.iwwf.sport/Competitions/Details?Id=727c129e-cc26-4223-9f75-e7d5af0accc3;GBR|1968|SMITH STEVE;SMITH Steve;SMITH STEVE;GBR;0;45+ M (54);1968;Slalom;Tricks;Jump;Overall
2022;22FRA007;30 Sep - 2 Oct 2022;LE PLAN D'EAU 3D 2/2;INTER;L;Club Omnisport...;https://ems.iwwf.sport/Competitions/Details?Id=727c129e-cc26-4223-9f75-e7d5af0accc3;FRA|2004|SNITER MATHILDE;SNITER Mathilde;SNITER MATHILDE;FRA;1;-21 F (18);2004;Slalom;Tricks;Jump;Overall
2022;22FRA007;30 Sep - 2 Oct 2022;LE PLAN D'EAU 3D 2/2;INTER;L;Club Omnisport...;https://ems.iwwf.sport/Competitions/Details?Id=727c129e-cc26-4223-9f75-e7d5af0accc3;SUI|1958|VERHAEGHE PHILIPPE;VERHAEGHE Philippe;VERHAEGHE PHILIPPE;SUI;0;55+ M (64);1958;Slalom;-;-;-
2022;22FRA007;30 Sep - 2 Oct 2022;LE PLAN D'EAU 3D 2/2;INTER;L;Club Omnisport...;https://ems.iwwf.sport/Competitions/Details?Id=727c129e-cc26-4223-9f75-e7d5af0accc3;SUI|2008|VERHAEGHE-PELLICER JOSHUA;VERHAEGHE-PELLICER Joshua;VERHAEGHE-PELLICER JOSHUA;SUI;0;-17 M (14);2008;Slalom;-;-;-
2022;22FRA007;30 Sep - 2 Oct 2022;LE PLAN D'EAU 3D 2/2;INTER;L;Club Omnisport...;https://ems.iwwf.sport/Competitions/Details?Id=727c129e-cc26-4223-9f75-e7d5af0accc3;FRA|1962|VIGNERON FREDERIC;VIGNERON Frederic;VIGNERON FREDERIC;FRA;1;55+ M (60);1962;Slalom;Tricks;Jump;Overall
2022;22FRA009;25-26 Jun 2022;Championnats de Ligue Ile-de-France;INTER;L;Nemours Grez/l...;https://ems.iwwf.sport/Competitions/Details?Id=75224350-3299-466f-9494-a3c55ca2061d;||NO DATA AVAILABLE IN TABLE;No data available in table;NO DATA AVAILABLE IN TABLE;;0;;;;;;
2022;22FRA010;25-26 Jun 2022;Ski Caraibes Slalom CUP;INTER;L;Ski Caraibes A...;https://ems.iwwf.sport/Competitions/Details?Id=e31013b8-00d0-4599-9bfd-ca3d173b2f36;||NO DATA AVAILABLE IN TABLE;No data available in table;NO DATA AVAILABLE IN TABLE;;0;;;;;;
2022;22FRA011;3-4 Sep 2022;Aqua'Cup;INTER;L;Aqu'Aventure;https://ems.iwwf.sport/Competitions/Details?Id=3383dbc4-88f3-4c6a-9453-b8904fcfa5df;||NO DATA AVAILABLE IN TABLE;No data available in table;NO DATA AVAILABLE IN TABLE;;0;;;;;;
2022;22FRA012;10-11 Sep 2022;PARIS - Viry Lake's challenge;INTER;L;Club Nautique ...;https://ems.iwwf.sport/Competitions/Details?Id=5020b09e-27f0-41e0-93a0-3e9187386514;||NO DATA AVAILABLE IN TABLE;No data available in table;NO DATA AVAILABLE IN TABLE;;0;;;;;;
2022;22FRA013;13-14 Aug 2022;The Fungliss 3.0;INTER;L;FUNGLISS DOMMA...;https://ems.iwwf.sport/Competitions/Details?Id=845d40b9-b5b3-4305-9e37-512638990829;FRA|1983|BARONI ALEXIS;BARONI Alexis;BARONI ALEXIS;FRA;1;Open M (39);1983;Slalom;-;-;-
2022;22FRA013;13-14 Aug 2022;The Fungliss 3.0;INTER;L;FUNGLISS DOMMA...;https://ems.iwwf.sport/Competitions/Details?Id=845d40b9-b5b3-4305-9e37-512638990829;FRA|1996|BISCHOFBERGER ILLANA;BISCHOFBERGER Illana;BISCHOFBERGER ILLANA;FRA;1;Open F (26);1996;Slalom;-;-;-
2022;22FRA013;13-14 Aug 2022;The Fungliss 3.0;INTER;L;FUNGLISS DOMMA...;https://ems.iwwf.sport/Competitions/Details?Id=845d40b9-b5b3-4305-9e37-512638990829;SUI|1972|CESINSKI PIERRE;CESINSKI Pierre;CESINSKI PIERRE;SUI;0;45+ M (50);1972;Slalom;-;-;-
2022;22FRA013;13-14 Aug 2022;The Fungliss 3.0;INTER;L;FUNGLISS DOMMA...;https://ems.iwwf.sport/Competitions/Details?Id=845d40b9-b5b3-4305-9e37-512638990829;FRA|1969|CLEMENCON GUILLAUME;CLEMENCON Guillaume;CLEMENCON GUILLAUME;FRA;1;45+ M (53);1969;Slalom;-;-;-
2022;22FRA013;13-14 Aug 2022;The Fungliss 3.0;INTER;L;FUNGLISS DOMMA...;https://ems.iwwf.sport/Competitions/Details?Id=845d40b9-b5b3-4305-9e37-512638990829;PER|1959|CUGLIEVAN BALAREZO JUAN CARLOS;CUGLIEVAN BALAREZO Juan Carlos;CUGLIEVAN BALAREZO JUAN CARLOS;PER;0;55+ M (63);1959;Slalom;-;-;-
2022;22FRA013;13-14 Aug 2022;The Fungliss 3.0;INTER;L;FUNGLISS DOMMA...;https://ems.iwwf.sport/Competitions/Details?Id=845d40b9-b5b3-4305-9e37-512638990829;SUI|1951|DE PEIC SIBYL;DE PEIC Sibyl;DE PEIC SIBYL;SUI;0;70+ F (71);1951;Slalom;-;-;-
2022;22FRA013;13-14 Aug 2022;The Fungliss 3.0;INTER;L;FUNGLISS DOMMA...;https://ems.iwwf.sport/Competitions/Details?Id=845d40b9-b5b3-4305-9e37-512638990829;FRA|1985|DELACOUR ARNAUD;DELACOUR Arnaud;DELACOUR ARNAUD;FRA;1;35+ M (37);1985;Slalom;-;-;-
2022;22FRA013;13-14 Aug 2022;The Fungliss 3.0;INTER;L;FUNGLISS DOMMA...;https://ems.iwwf.sport/Competitions/Details?Id=845d40b9-b5b3-4305-9e37-512638990829;FRA|1979|DELEAGE NICOLAS;DELEAGE Nicolas;DELEAGE NICOLAS;FRA;1;35+ M (43);1979;Slalom;-;-;-
2022;22FRA013;13-14 Aug 2022;The Fungliss 3.0;INTER;L;FUNGLISS DOMMA...;https://ems.iwwf.sport/Competitions/Details?Id=845d40b9-b5b3-4305-9e37-512638990829;FRA|1992|DESCUNS SACHA;DESCUNS Sacha;DESCUNS SACHA;FRA;1;Open M (30);1992;Slalom;-;-;-
2022;22FRA013;13-14 Aug 2022;The Fungliss 3.0;INTER;L;FUNGLISS DOMMA...;https://ems.iwwf.sport/Competitions/Details?Id=845d40b9-b5b3-4305-9e37-512638990829;SUI|1984|DISERENS KEVIN;DISERENS Kevin;DISERENS KEVIN;SUI;0;35+ M (38);1984;Slalom;-;-;-
2022;22FRA013;13-14 Aug 2022;The Fungliss 3.0;INTER;L;FUNGLISS DOMMA...;https://ems.iwwf.sport/Competitions/Details?Id=845d40b9-b5b3-4305-9e37-512638990829;FRA|2007|DRAUX VIRGILE;DRAUX Virgile;DRAUX VIRGILE;FRA;1;-17 M (15);2007;Slalom;-;-;-
2022;22FRA013;13-14 Aug 2022;The Fungliss 3.0;INTER;L;FUNGLISS DOMMA...;https://ems.iwwf.sport/Competitions/Details?Id=845d40b9-b5b3-4305-9e37-512638990829;FRA|1965|FAVERIAL JEROME;FAVERIAL Jerome;FAVERIAL JEROME;FRA;1;55+ M (57);1965;Slalom;-;-;-
2022;22FRA013;13-14 Aug 2022;The Fungliss 3.0;INTER;L;FUNGLISS DOMMA...;https://ems.iwwf.sport/Competitions/Details?Id=845d40b9-b5b3-4305-9e37-512638990829;FRA|1954|GAMBUT JEROME;GAMBUT Jerome;GAMBUT JEROME;FRA;1;65+ M (68);1954;Slalom;-;-;-
2022;22FRA013;13-14 Aug 2022;The Fungliss 3.0;INTER;L;FUNGLISS DOMMA...;https://ems.iwwf.sport/Competitions/Details?Id=845d40b9-b5b3-4305-9e37-512638990829;BEL|1963|LABARRE ARNAUD;LABARRE Arnaud;LABARRE ARNAUD;BEL;0;55+ M (59);1963;Slalom;-;-;-
2022;22FRA013;13-14 Aug 2022;The Fungliss 3.0;INTER;L;FUNGLISS DOMMA...;https://ems.iwwf.sport/Competitions/Details?Id=845d40b9-b5b3-4305-9e37-512638990829;FRA|1970|LABASSE STEPHAN;LABASSE Stephan;LABASSE STEPHAN;FRA;1;45+ M (52);1970;Slalom;-;-;-
2022;22FRA013;13-14 Aug 2022;The Fungliss 3.0;INTER;L;FUNGLISS DOMMA...;https://ems.iwwf.sport/Competitions/Details?Id=845d40b9-b5b3-4305-9e37-512638990829;FRA|1971|MARCHEVET CECILE;MARCHEVET Cecile;MARCHEVET CECILE;FRA;1;45+ F (51);1971;Slalom;-;-;-
2022;22FRA013;13-14 Aug 2022;The Fungliss 3.0;INTER;L;FUNGLISS DOMMA...;https://ems.iwwf.sport/Competitions/Details?Id=845d40b9-b5b3-4305-9e37-512638990829;FRA|1969|MARCHEVET THOMAS;MARCHEVET Thomas;MARCHEVET THOMAS;FRA;1;45+ M (53);1969;Slalom;-;-;-
2022;22FRA013;13-14 Aug 2022;The Fungliss 3.0;INTER;L;FUNGLISS DOMMA...;https://ems.iwwf.sport/Competitions/Details?Id=845d40b9-b5b3-4305-9e37-512638990829;FRA|1965|MARILLIER REGIS;MARILLIER Régis;MARILLIER REGIS;FRA;1;55+ M (57);1965;Slalom;-;-;-
2022;22FRA013;13-14 Aug 2022;The Fungliss 3.0;INTER;L;FUNGLISS DOMMA...;https://ems.iwwf.sport/Competitions/Details?Id=845d40b9-b5b3-4305-9e37-512638990829;SUI|1963|MATHET HUBERT;MATHET Hubert;MATHET HUBERT;SUI;0;55+ M (59);1963;Slalom;-;-;-
2022;22FRA013;13-14 Aug 2022;The Fungliss 3.0;INTER;L;FUNGLISS DOMMA...;https://ems.iwwf.sport/Competitions/Details?Id=845d40b9-b5b3-4305-9e37-512638990829;SUI|2003|MATHET KARL;MATHET Karl;MATHET KARL;SUI;0;-21 M (19);2003;Slalom;-;-;-
2022;22FRA013;13-14 Aug 2022;The Fungliss 3.0;INTER;L;FUNGLISS DOMMA...;https://ems.iwwf.sport/Competitions/Details?Id=845d40b9-b5b3-4305-9e37-512638990829;MAR|1966|OUBELAID DJAMEL;OUBELAID Djamel;OUBELAID DJAMEL;MAR;0;55+ M (56);1966;Slalom;-;-;-
2022;22FRA013;13-14 Aug 2022;The Fungliss 3.0;INTER;L;FUNGLISS DOMMA...;https://ems.iwwf.sport/Competitions/Details?Id=845d40b9-b5b3-4305-9e37-512638990829;MAR|2003|OUBELAID LUCAS;OUBELAID Lucas;OUBELAID LUCAS;MAR;0;-21 M (19);2003;Slalom;-;-;-
2022;22FRA013;13-14 Aug 2022;The Fungliss 3.0;INTER;L;FUNGLISS DOMMA...;https://ems.iwwf.sport/Competitions/Details?Id=845d40b9-b5b3-4305-9e37-512638990829;FRA|1955|REYBIER PHILIPPE;REYBIER Philippe;REYBIER PHILIPPE;FRA;1;55+ M (67);1955;Slalom;-;-;-
2022;22FRA013;13-14 Aug 2022;The Fungliss 3.0;INTER;L;FUNGLISS DOMMA...;https://ems.iwwf.sport/Competitions/Details?Id=845d40b9-b5b3-4305-9e37-512638990829;BEL|2008|SOLE INES;SOLÉ Inès;SOLE INES;BEL;0;-14 F (14);2008;Slalom;-;-;-
2022;22FRA013;13-14 Aug 2022;The Fungliss 3.0;INTER;L;FUNGLISS DOMMA...;https://ems.iwwf.sport/Competitions/Details?Id=845d40b9-b5b3-4305-9e37-512638990829;BEL|1970|SOLE OLIVIER;SOLÉ Olivier;SOLE OLIVIER;BEL;0;45+ M (52);1970;Slalom;-;-;-
2022;22FRA013;13-14 Aug 2022;The Fungliss 3.0;INTER;L;FUNGLISS DOMMA...;https://ems.iwwf.sport/Competitions/Details?Id=845d40b9-b5b3-4305-9e37-512638990829;BEL|2005|VAN DE VELDE TOMEO;VAN DE VELDE Tomeo;VAN DE VELDE TOMEO;BEL;0;-17 M (17);2005;Slalom;-;-;-
2022;22FRA014;11-12 Jun 2022;Bordeaux Slalom Cup;INTER;L;Ski Nautique C...;https://ems.iwwf.sport/Competitions/Details?Id=bfe6e5e0-9c76-4caa-a7d8-8c1bb555cff2;||NO DATA AVAILABLE IN TABLE;No data available in table;NO DATA AVAILABLE IN TABLE;;0;;;;;;
2022;22FRA015;27-28 Aug 2022;Baurech 3D;INTER;L;Ski Nautique C...;https://ems.iwwf.sport/Competitions/Details?Id=6c7a358f-9af1-4574-bc96-70964c261526;||NO DATA AVAILABLE IN TABLE;No data available in table;NO DATA AVAILABLE IN TABLE;;0;;;;;;
2022;22FRA016;8-9 Oct 2022;Baurech Cup;INTER;L;Ski Nautique C...;https://ems.iwwf.sport/Competitions/Details?Id=35254d75-c5d9-471a-9bd9-20ff63f3e14c;||NO DATA AVAILABLE IN TABLE;No data available in table;NO DATA AVAILABLE IN TABLE;;0;;;;;;
2022;22FRA017;28-29 May 2022;Magic Cup;INTER;L;Nemours Grez/l...;https://ems.iwwf.sport/Competitions/Details?Id=2a40bbbc-0e3f-4b47-974b-2bae1d8c261c;||NO DATA AVAILABLE IN TABLE;No data available in table;NO DATA AVAILABLE IN TABLE;;0;;;;;;
2022;22FRA018;10-11 Sep 2022;Lacanau ski classic;INTER;L;Lacanau Ski Cl...;https://ems.iwwf.sport/Competitions/Details?Id=3b456fd8-f8b9-473d-bfda-fec5e9233490;MAR|2011|ALAOUI DRISS;ALAOUI Driss;ALAOUI DRISS;MAR;0;-12 M (11);2011;Slalom;-;-;-
2022;22FRA018;10-11 Sep 2022;Lacanau ski classic;INTER;L;Lacanau Ski Cl...;https://ems.iwwf.sport/Competitions/Details?Id=3b456fd8-f8b9-473d-bfda-fec5e9233490;FRA|2002|AMBLARD ARTHUR;AMBLARD Arthur;AMBLARD ARTHUR;FRA;1;-21 M (20);2002;Slalom;-;Jump;-
2022;22FRA018;10-11 Sep 2022;Lacanau ski classic;INTER;L;Lacanau Ski Cl...;https://ems.iwwf.sport/Competitions/Details?Id=3b456fd8-f8b9-473d-bfda-fec5e9233490;FRA|1996|BISCHOFBERGER ILLANA;BISCHOFBERGER Illana;BISCHOFBERGER ILLANA;FRA;1;Open F (26);1996;Slalom;-;-;-
2022;22FRA018;10-11 Sep 2022;Lacanau ski classic;INTER;L;Lacanau Ski Cl...;https://ems.iwwf.sport/Competitions/Details?Id=3b456fd8-f8b9-473d-bfda-fec5e9233490;FRA|1994|BISCHOFBERGER OSCAR;BISCHOFBERGER Oscar;BISCHOFBERGER OSCAR;FRA;1;Open M (28);1994;Slalom;-;Jump;-
2022;22FRA018;10-11 Sep 2022;Lacanau ski classic;INTER;L;Lacanau Ski Cl...;https://ems.iwwf.sport/Competitions/Details?Id=3b456fd8-f8b9-473d-bfda-fec5e9233490;FRA|1958|CALEN ERIC;CALEN Eric;CALEN ERIC;FRA;1;55+ M (64);1958;Slalom;-;-;-
2022;22FRA018;10-11 Sep 2022;Lacanau ski classic;INTER;L;Lacanau Ski Cl...;https://ems.iwwf.sport/Competitions/Details?Id=3b456fd8-f8b9-473d-bfda-fec5e9233490;FRA|1999|CALEN JULIAN;CALEN Julian;CALEN JULIAN;FRA;1;Open M (23);1999;Slalom;-;-;-
2022;22FRA018;10-11 Sep 2022;Lacanau ski classic;INTER;L;Lacanau Ski Cl...;https://ems.iwwf.sport/Competitions/Details?Id=3b456fd8-f8b9-473d-bfda-fec5e9233490;FRA|1969|CLEMENCON GUILLAUME;CLEMENCON Guillaume;CLEMENCON GUILLAUME;FRA;1;45+ M (53);1969;Slalom;-;-;-
2022;22FRA018;10-11 Sep 2022;Lacanau ski classic;INTER;L;Lacanau Ski Cl...;https://ems.iwwf.sport/Competitions/Details?Id=3b456fd8-f8b9-473d-bfda-fec5e9233490;FRA|1985|DELPY ANTHONY;DELPY Anthony;DELPY ANTHONY;FRA;1;35+ M (37);1985;Slalom;Tricks;Jump;Overall
2022;22FRA018;10-11 Sep 2022;Lacanau ski classic;INTER;L;Lacanau Ski Cl...;https://ems.iwwf.sport/Competitions/Details?Id=3b456fd8-f8b9-473d-bfda-fec5e9233490;FRA|1972|GABRIEL RAOUL;GABRIEL Raoul;GABRIEL RAOUL;FRA;1;45+ M (50);1972;Slalom;Tricks;Jump;Overall
2022;22FRA018;10-11 Sep 2022;Lacanau ski classic;INTER;L;Lacanau Ski Cl...;https://ems.iwwf.sport/Competitions/Details?Id=3b456fd8-f8b9-473d-bfda-fec5e9233490;FRA|1968|GEOFFROY ROMAIN;GEOFFROY Romain;GEOFFROY ROMAIN;FRA;1;45+ M (54);1968;Slalom;-;-;-
2022;22FRA018;10-11 Sep 2022;Lacanau ski classic;INTER;L;Lacanau Ski Cl...;https://ems.iwwf.sport/Competitions/Details?Id=3b456fd8-f8b9-473d-bfda-fec5e9233490;FRA|2008|GEORGES MATTEO;GEORGES Matteo;GEORGES MATTEO;FRA;1;-14 M (14);2008;Slalom;-;-;-
2022;22FRA018;10-11 Sep 2022;Lacanau ski classic;INTER;L;Lacanau Ski Cl...;https://ems.iwwf.sport/Competitions/Details?Id=3b456fd8-f8b9-473d-bfda-fec5e9233490;SWE|1952|GUNNARSSON BOSSE;GUNNARSSON Bosse;GUNNARSSON BOSSE;SWE;0;65+ M (70);1952;Slalom;-;-;-
2022;22FRA018;10-11 Sep 2022;Lacanau ski classic;INTER;L;Lacanau Ski Cl...;https://ems.iwwf.sport/Competitions/Details?Id=3b456fd8-f8b9-473d-bfda-fec5e9233490;FRA|1959|GUYAMIER PATRICK;GUYAMIER Patrick;GUYAMIER PATRICK;FRA;1;55+ M (63);1959;Slalom;-;-;-
2022;22FRA018;10-11 Sep 2022;Lacanau ski classic;INTER;L;Lacanau Ski Cl...;https://ems.iwwf.sport/Competitions/Details?Id=3b456fd8-f8b9-473d-bfda-fec5e9233490;AUS|1973|HOOPER MARK;HOOPER Mark;HOOPER MARK;AUS;0;35+ M (49);1973;Slalom;-;-;-
2022;22FRA018;10-11 Sep 2022;Lacanau ski classic;INTER;L;Lacanau Ski Cl...;https://ems.iwwf.sport/Competitions/Details?Id=3b456fd8-f8b9-473d-bfda-fec5e9233490;FRA|1947|JAMIN JEAN-MICHEL;JAMIN Jean-Michel;JAMIN JEAN-MICHEL;FRA;1;70+ M (75);1947;Slalom;-;-;-
2022;22FRA018;10-11 Sep 2022;Lacanau ski classic;INTER;L;Lacanau Ski Cl...;https://ems.iwwf.sport/Competitions/Details?Id=3b456fd8-f8b9-473d-bfda-fec5e9233490;FRA|1989|JAMIN ROLAND;JAMIN Roland;JAMIN ROLAND;FRA;1;Open M (33);1989;Slalom;-;-;-
2022;22FRA018;10-11 Sep 2022;Lacanau ski classic;INTER;L;Lacanau Ski Cl...;https://ems.iwwf.sport/Competitions/Details?Id=3b456fd8-f8b9-473d-bfda-fec5e9233490;SWE|1966|JONSSON KRISTER;JÖNSSON Krister;JONSSON KRISTER;SWE;0;55+ M (56);1966;Slalom;-;-;-
2022;22FRA018;10-11 Sep 2022;Lacanau ski classic;INTER;L;Lacanau Ski Cl...;https://ems.iwwf.sport/Competitions/Details?Id=3b456fd8-f8b9-473d-bfda-fec5e9233490;FRA|2013|LACARRAU JULIA;LACARRAU Julia;LACARRAU JULIA;FRA;1;-10 F (9);2013;Slalom;-;-;-
2022;22FRA018;10-11 Sep 2022;Lacanau ski classic;INTER;L;Lacanau Ski Cl...;https://ems.iwwf.sport/Competitions/Details?Id=3b456fd8-f8b9-473d-bfda-fec5e9233490;FRA|1971|LAFLEUR JEAN-MARC;LAFLEUR Jean-Marc;LAFLEUR JEAN-MARC;FRA;1;45+ M (51);1971;Slalom;-;-;-
2022;22FRA018;10-11 Sep 2022;Lacanau ski classic;INTER;L;Lacanau Ski Cl...;https://ems.iwwf.sport/Competitions/Details?Id=3b456fd8-f8b9-473d-bfda-fec5e9233490;FRA|1976|LAVOUE GEOFFROY;LAVOUE Geoffroy;LAVOUE GEOFFROY;FRA;1;45+ M (46);1976;Slalom;-;-;-
2022;22FRA018;10-11 Sep 2022;Lacanau ski classic;INTER;L;Lacanau Ski Cl...;https://ems.iwwf.sport/Competitions/Details?Id=3b456fd8-f8b9-473d-bfda-fec5e9233490;FRA|1950|LEPRINCE PHILIPPE;LEPRINCE Philippe;LEPRINCE PHILIPPE;FRA;1;70+ M (72);1950;Slalom;-;-;-
2022;22FRA018;10-11 Sep 2022;Lacanau ski classic;INTER;L;Lacanau Ski Cl...;https://ems.iwwf.sport/Competitions/Details?Id=3b456fd8-f8b9-473d-bfda-fec5e9233490;FRA|1964|MARIN ANNE CECILE;MARIN Anne Cecile;MARIN ANNE CECILE;FRA;1;55+ F (58);1964;Slalom;-;-;-
2022;22FRA018;10-11 Sep 2022;Lacanau ski classic;INTER;L;Lacanau Ski Cl...;https://ems.iwwf.sport/Competitions/Details?Id=3b456fd8-f8b9-473d-bfda-fec5e9233490;FRA|1991|MARTINI MARIE;MARTINI Marie;MARTINI MARIE;FRA;1;Open F (31);1991;Slalom;-;Jump;-
2022;22FRA018;10-11 Sep 2022;Lacanau ski classic;INTER;L;Lacanau Ski Cl...;https://ems.iwwf.sport/Competitions/Details?Id=3b456fd8-f8b9-473d-bfda-fec5e9233490;SUI|1963|MATHET HUBERT;MATHET Hubert;MATHET HUBERT;SUI;0;55+ M (59);1963;Slalom;-;-;-
2022;22FRA018;10-11 Sep 2022;Lacanau ski classic;INTER;L;Lacanau Ski Cl...;https://ems.iwwf.sport/Competitions/Details?Id=3b456fd8-f8b9-473d-bfda-fec5e9233490;FRA|1992|METIVIER EUDES;METIVIER Eudes;METIVIER EUDES;FRA;1;Open M (30);1992;Slalom;-;-;-
2022;22FRA018;10-11 Sep 2022;Lacanau ski classic;INTER;L;Lacanau Ski Cl...;https://ems.iwwf.sport/Competitions/Details?Id=3b456fd8-f8b9-473d-bfda-fec5e9233490;FRA|2000|NEDEAU TANGUY;NEDEAU Tanguy;NEDEAU TANGUY;FRA;1;Open M (22);2000;Slalom;-;Jump;-
2022;22FRA018;10-11 Sep 2022;Lacanau ski classic;INTER;L;Lacanau Ski Cl...;https://ems.iwwf.sport/Competitions/Details?Id=3b456fd8-f8b9-473d-bfda-fec5e9233490;FRA|2004|NEYRAC ALBAN;NEYRAC Alban;NEYRAC ALBAN;FRA;1;-21 M (18);2004;Slalom;-;Jump;-
2022;22FRA018;10-11 Sep 2022;Lacanau ski classic;INTER;L;Lacanau Ski Cl...;https://ems.iwwf.sport/Competitions/Details?Id=3b456fd8-f8b9-473d-bfda-fec5e9233490;POR|2008|NOBRE GUEDES ANA;NOBRE GUEDES Ana;NOBRE GUEDES ANA;POR;0;-14 F (14);2008;Slalom;-;-;-
2022;22FRA018;10-11 Sep 2022;Lacanau ski classic;INTER;L;Lacanau Ski Cl...;https://ems.iwwf.sport/Competitions/Details?Id=3b456fd8-f8b9-473d-bfda-fec5e9233490;FRA|2004|NOTAT HUGO;NOTAT Hugo;NOTAT HUGO;FRA;1;-21 M (18);2004;Slalom;Tricks;Jump;Overall
2022;22FRA018;10-11 Sep 2022;Lacanau ski classic;INTER;L;Lacanau Ski Cl...;https://ems.iwwf.sport/Competitions/Details?Id=3b456fd8-f8b9-473d-bfda-fec5e9233490;FRA|2003|PAGET MARIE;PAGET Marie;PAGET MARIE;FRA;1;-21 F (19);2003;Slalom;Tricks;Jump;Overall
2022;22FRA018;10-11 Sep 2022;Lacanau ski classic;INTER;L;Lacanau Ski Cl...;https://ems.iwwf.sport/Competitions/Details?Id=3b456fd8-f8b9-473d-bfda-fec5e9233490;FRA|1947|PARPETTE JEAN-YVES;PARPETTE Jean-Yves;PARPETTE JEAN-YVES;FRA;1;70+ M (75);1947;Slalom;-;-;-
2022;22FRA018;10-11 Sep 2022;Lacanau ski classic;INTER;L;Lacanau Ski Cl...;https://ems.iwwf.sport/Competitions/Details?Id=3b456fd8-f8b9-473d-bfda-fec5e9233490;FRA|2009|POITOUX CHRISTMANN CHARLES;POITOUX CHRISTMANN Charles;POITOUX CHRISTMANN CHARLES;FRA;1;-14 M (13);2009;Slalom;Tricks;Jump;Overall
2022;22FRA018;10-11 Sep 2022;Lacanau ski classic;INTER;L;Lacanau Ski Cl...;https://ems.iwwf.sport/Competitions/Details?Id=3b456fd8-f8b9-473d-bfda-fec5e9233490;GER|1955|REITBERGER ANTON;REITBERGER Anton;REITBERGER ANTON;GER;0;65+ M (67);1955;Slalom;Tricks;Jump;Overall
2022;22FRA018;10-11 Sep 2022;Lacanau ski classic;INTER;L;Lacanau Ski Cl...;https://ems.iwwf.sport/Competitions/Details?Id=3b456fd8-f8b9-473d-bfda-fec5e9233490;POR|1993|RODRIGUES FRANCISCO;RODRIGUES Francisco;RODRIGUES FRANCISCO;POR;0;Open M (29);1993;Slalom;-;-;-
2022;22FRA018;10-11 Sep 2022;Lacanau ski classic;INTER;L;Lacanau Ski Cl...;https://ems.iwwf.sport/Competitions/Details?Id=3b456fd8-f8b9-473d-bfda-fec5e9233490;POR|1964|ROQUE PEDRO;ROQUE Pedro;ROQUE PEDRO;POR;0;55+ M (58);1964;Slalom;-;-;-
2022;22FRA018;10-11 Sep 2022;Lacanau ski classic;INTER;L;Lacanau Ski Cl...;https://ems.iwwf.sport/Competitions/Details?Id=3b456fd8-f8b9-473d-bfda-fec5e9233490;POR|1978|SOARES JOAO;SOARES João;SOARES JOAO;POR;0;35+ M (44);1978;Slalom;-;-;-
2022;22FRA018;10-11 Sep 2022;Lacanau ski classic;INTER;L;Lacanau Ski Cl...;https://ems.iwwf.sport/Competitions/Details?Id=3b456fd8-f8b9-473d-bfda-fec5e9233490;FRA|1980|SOL MARC;SOL Marc;SOL MARC;FRA;1;35+ M (42);1980;Slalom;-;-;-
2022;22FRA018;10-11 Sep 2022;Lacanau ski classic;INTER;L;Lacanau Ski Cl...;https://ems.iwwf.sport/Competitions/Details?Id=3b456fd8-f8b9-473d-bfda-fec5e9233490;FRA|2002|SONIER PERRINE;SONIER Perrine;SONIER PERRINE;FRA;1;-21 F (20);2002;Slalom;Tricks;Jump;Overall
2022;22FRA018;10-11 Sep 2022;Lacanau ski classic;INTER;L;Lacanau Ski Cl...;https://ems.iwwf.sport/Competitions/Details?Id=3b456fd8-f8b9-473d-bfda-fec5e9233490;FRA|1985|SOURTY MARC;SOURTY Marc;SOURTY MARC;FRA;1;35+ M (37);1985;Slalom;-;Jump;-
2022;22FRA018;10-11 Sep 2022;Lacanau ski classic;INTER;L;Lacanau Ski Cl...;https://ems.iwwf.sport/Competitions/Details?Id=3b456fd8-f8b9-473d-bfda-fec5e9233490;FRA|1961|SPORTICH THIERRY;SPORTICH Thierry;SPORTICH THIERRY;FRA;1;55+ M (61);1961;Slalom;-;-;-
2022;22FRA018;10-11 Sep 2022;Lacanau ski classic;INTER;L;Lacanau Ski Cl...;https://ems.iwwf.sport/Competitions/Details?Id=3b456fd8-f8b9-473d-bfda-fec5e9233490;ESP|1972|SUAREZ ALVAREZ NICOLAS;SUAREZ ALVAREZ Nicolas;SUAREZ ALVAREZ NICOLAS;ESP;0;45+ M (50);1972;Slalom;-;-;-
2022;22FRA018;10-11 Sep 2022;Lacanau ski classic;INTER;L;Lacanau Ski Cl...;https://ems.iwwf.sport/Competitions/Details?Id=3b456fd8-f8b9-473d-bfda-fec5e9233490;ESP|2006|SUAREZ MENENDEZ MARTA;SUAREZ MENENDEZ Marta;SUAREZ MENENDEZ MARTA;ESP;0;-17 F (16);2006;Slalom;-;-;-
2022;22FRA018;10-11 Sep 2022;Lacanau ski classic;INTER;L;Lacanau Ski Cl...;https://ems.iwwf.sport/Competitions/Details?Id=3b456fd8-f8b9-473d-bfda-fec5e9233490;SWE|1961|SVENSSON PETER;SVENSSON Peter;SVENSSON PETER;SWE;0;55+ M (61);1961;Slalom;-;-;-
2022;22FRA018;10-11 Sep 2022;Lacanau ski classic;INTER;L;Lacanau Ski Cl...;https://ems.iwwf.sport/Competitions/Details?Id=3b456fd8-f8b9-473d-bfda-fec5e9233490;SWE|1974|TENGIUS HENRIK;TENGIUS Henrik;TENGIUS HENRIK;SWE;0;45+ M (48);1974;Slalom;-;-;-
2022;22FRA018;10-11 Sep 2022;Lacanau ski classic;INTER;L;Lacanau Ski Cl...;https://ems.iwwf.sport/Competitions/Details?Id=3b456fd8-f8b9-473d-bfda-fec5e9233490;BEL|1954|TYTECA FERDI;TYTECA Ferdi;TYTECA FERDI;BEL;0;65+ M (68);1954;Slalom;-;-;-
2022;22FRA018;10-11 Sep 2022;Lacanau ski classic;INTER;L;Lacanau Ski Cl...;https://ems.iwwf.sport/Competitions/Details?Id=3b456fd8-f8b9-473d-bfda-fec5e9233490;SUI|1958|VERHAEGHE PHILIPPE;VERHAEGHE Philippe;VERHAEGHE PHILIPPE;SUI;0;55+ M (64);1958;Slalom;-;-;-
2022;22FRA018;10-11 Sep 2022;Lacanau ski classic;INTER;L;Lacanau Ski Cl...;https://ems.iwwf.sport/Competitions/Details?Id=3b456fd8-f8b9-473d-bfda-fec5e9233490;SUI|2008|VERHAEGHE-PELLICER JOSHUA;VERHAEGHE-PELLICER Joshua;VERHAEGHE-PELLICER JOSHUA;SUI;0;-14 M (14);2008;Slalom;Tricks;Jump;Overall
2022;22FRA018;10-11 Sep 2022;Lacanau ski classic;INTER;L;Lacanau Ski Cl...;https://ems.iwwf.sport/Competitions/Details?Id=3b456fd8-f8b9-473d-bfda-fec5e9233490;GBR|1961|WILKINSON JONATHAN;WILKINSON Jonathan;WILKINSON JONATHAN;GBR;0;55+ M (61);1961;Slalom;-;-;-
2022;22FRA021;3-4 Sep 2022;Championnat Ligue Grand Est et Coupe Richard Odin;INTER;L;Club Nautique ...;https://ems.iwwf.sport/Competitions/Details?Id=8c147323-4025-4152-8532-6da864a77b86;||NO DATA AVAILABLE IN TABLE;No data available in table;NO DATA AVAILABLE IN TABLE;;0;;;;;;
2022;22FRA022;3-4 Sep 2022;Championnat de ligue OCC Ski Classique;INTER;L;Moissac;https://ems.iwwf.sport/Competitions/Details?Id=c787c2d8-2b46-4db2-989d-7d4ef4cfd551;FRA|2002|CONSTANS BASTIEN;CONSTANS Bastien;CONSTANS BASTIEN;FRA;1;-21 M (20);2002;Slalom;Tricks;-;-
2022;22FRA022;3-4 Sep 2022;Championnat de ligue OCC Ski Classique;INTER;L;Moissac;https://ems.iwwf.sport/Competitions/Details?Id=c787c2d8-2b46-4db2-989d-7d4ef4cfd551;FRA|2001|CONSTANS LEA;CONSTANS Lea;CONSTANS LEA;FRA;1;-21 F (21);2001;Slalom;-;-;-
2022;22FRA022;3-4 Sep 2022;Championnat de ligue OCC Ski Classique;INTER;L;Moissac;https://ems.iwwf.sport/Competitions/Details?Id=c787c2d8-2b46-4db2-989d-7d4ef4cfd551;FRA|1990|DEFFORGE ALICE;DEFFORGE Alice;DEFFORGE ALICE;FRA;1;Open F (32);1990;Slalom;-;-;-
2022;22FRA022;3-4 Sep 2022;Championnat de ligue OCC Ski Classique;INTER;L;Moissac;https://ems.iwwf.sport/Competitions/Details?Id=c787c2d8-2b46-4db2-989d-7d4ef4cfd551;FRA|1965|DEFFORGE VALERIE;DEFFORGE Valérie;DEFFORGE VALERIE;FRA;1;55+ F (57);1965;Slalom;-;-;-
2022;22FRA022;3-4 Sep 2022;Championnat de ligue OCC Ski Classique;INTER;L;Moissac;https://ems.iwwf.sport/Competitions/Details?Id=c787c2d8-2b46-4db2-989d-7d4ef4cfd551;FRA|1998|DESSEAUX GUILLAUME;DESSEAUX Guillaume;DESSEAUX GUILLAUME;FRA;1;Open M (24);1998;Slalom;-;-;-
2022;22FRA022;3-4 Sep 2022;Championnat de ligue OCC Ski Classique;INTER;L;Moissac;https://ems.iwwf.sport/Competitions/Details?Id=c787c2d8-2b46-4db2-989d-7d4ef4cfd551;FRA|2010|DUPARCHY LEO;DUPARCHY Leo;DUPARCHY LEO;FRA;1;-12 M (12);2010;Slalom;-;-;-
2022;22FRA022;3-4 Sep 2022;Championnat de ligue OCC Ski Classique;INTER;L;Moissac;https://ems.iwwf.sport/Competitions/Details?Id=c787c2d8-2b46-4db2-989d-7d4ef4cfd551;FRA|2008|DUPARCHY PAUL;DUPARCHY Paul;DUPARCHY PAUL;FRA;1;-14 M (14);2008;Slalom;-;-;-
2022;22FRA022;3-4 Sep 2022;Championnat de ligue OCC Ski Classique;INTER;L;Moissac;https://ems.iwwf.sport/Competitions/Details?Id=c787c2d8-2b46-4db2-989d-7d4ef4cfd551;FRA|1976|DUPARCHY PHILIPPE;DUPARCHY Philippe;DUPARCHY PHILIPPE;FRA;1;45+ M (46);1976;Slalom;-;-;-
2022;22FRA022;3-4 Sep 2022;Championnat de ligue OCC Ski Classique;INTER;L;Moissac;https://ems.iwwf.sport/Competitions/Details?Id=c787c2d8-2b46-4db2-989d-7d4ef4cfd551;FRA|1980|FAISY JEAN BAPTISTE;FAISY Jean Baptiste;FAISY JEAN BAPTISTE;FRA;1;35+ M (42);1980;Slalom;-;-;-
2022;22FRA022;3-4 Sep 2022;Championnat de ligue OCC Ski Classique;INTER;L;Moissac;https://ems.iwwf.sport/Competitions/Details?Id=c787c2d8-2b46-4db2-989d-7d4ef4cfd551;FRA|2010|FAISY LILI ROSE;FAISY Lili Rose;FAISY LILI ROSE;FRA;1;-12 F (12);2010;Slalom;-;-;-
2022;22FRA022;3-4 Sep 2022;Championnat de ligue OCC Ski Classique;INTER;L;Moissac;https://ems.iwwf.sport/Competitions/Details?Id=c787c2d8-2b46-4db2-989d-7d4ef4cfd551;FRA|1968|GEOFFROY ROMAIN;GEOFFROY Romain;GEOFFROY ROMAIN;FRA;1;45+ M (54);1968;Slalom;-;-;-
2022;22FRA022;3-4 Sep 2022;Championnat de ligue OCC Ski Classique;INTER;L;Moissac;https://ems.iwwf.sport/Competitions/Details?Id=c787c2d8-2b46-4db2-989d-7d4ef4cfd551;FRA|1964|LACAM JACQUES;LACAM Jacques;LACAM JACQUES;FRA;1;55+ M (58);1964;Slalom;-;-;-
2022;22FRA022;3-4 Sep 2022;Championnat de ligue OCC Ski Classique;INTER;L;Moissac;https://ems.iwwf.sport/Competitions/Details?Id=c787c2d8-2b46-4db2-989d-7d4ef4cfd551;FRA|1978|LAURENS DELPHINE;LAURENS Delphine;LAURENS DELPHINE;FRA;1;35+ F (44);1978;Slalom;-;-;-
2022;22FRA022;3-4 Sep 2022;Championnat de ligue OCC Ski Classique;INTER;L;Moissac;https://ems.iwwf.sport/Competitions/Details?Id=c787c2d8-2b46-4db2-989d-7d4ef4cfd551;FRA|2010|LE FORESTIER MAELYS;LE FORESTIER Maelys;LE FORESTIER MAELYS;FRA;1;-12 F (12);2010;Slalom;Tricks;-;-
2022;22FRA022;3-4 Sep 2022;Championnat de ligue OCC Ski Classique;INTER;L;Moissac;https://ems.iwwf.sport/Competitions/Details?Id=c787c2d8-2b46-4db2-989d-7d4ef4cfd551;FRA|1984|MAGANA CARINE;MAGANA Carine;MAGANA CARINE;FRA;1;35+ F (38);1984;Slalom;Tricks;-;-
2022;22FRA022;3-4 Sep 2022;Championnat de ligue OCC Ski Classique;INTER;L;Moissac;https://ems.iwwf.sport/Competitions/Details?Id=c787c2d8-2b46-4db2-989d-7d4ef4cfd551;FRA|1981|MAGANA FABRICE;MAGANA Fabrice;MAGANA FABRICE;FRA;1;35+ M (41);1981;Slalom;Tricks;-;-
2022;22FRA022;3-4 Sep 2022;Championnat de ligue OCC Ski Classique;INTER;L;Moissac;https://ems.iwwf.sport/Competitions/Details?Id=c787c2d8-2b46-4db2-989d-7d4ef4cfd551;FRA|1955|MAGANA GERARD;MAGANA Gerard;MAGANA GERARD;FRA;1;65+ M (67);1955;Slalom;Tricks;-;-
2022;22FRA022;3-4 Sep 2022;Championnat de ligue OCC Ski Classique;INTER;L;Moissac;https://ems.iwwf.sport/Competitions/Details?Id=c787c2d8-2b46-4db2-989d-7d4ef4cfd551;FRA|2001|MIQUEL AUDE;MIQUEL Aude;MIQUEL AUDE;FRA;1;-21 F (21);2001;Slalom;-;-;-
2022;22FRA022;3-4 Sep 2022;Championnat de ligue OCC Ski Classique;INTER;L;Moissac;https://ems.iwwf.sport/Competitions/Details?Id=c787c2d8-2b46-4db2-989d-7d4ef4cfd551;FRA|1975|MIQUEL JEROME;MIQUEL Jerome;MIQUEL JEROME;FRA;1;45+ M (47);1975;Slalom;-;-;-
2022;22FRA022;3-4 Sep 2022;Championnat de ligue OCC Ski Classique;INTER;L;Moissac;https://ems.iwwf.sport/Competitions/Details?Id=c787c2d8-2b46-4db2-989d-7d4ef4cfd551;FRA|2007|OCHS RAFAEL;OCHS Rafael;OCHS RAFAEL;FRA;1;-17 M (15);2007;Slalom;-;-;-
2022;22FRA022;3-4 Sep 2022;Championnat de ligue OCC Ski Classique;INTER;L;Moissac;https://ems.iwwf.sport/Competitions/Details?Id=c787c2d8-2b46-4db2-989d-7d4ef4cfd551;FRA|1986|ORTOLA JEREMIE;ORTOLA Jeremie;ORTOLA JEREMIE;FRA;1;35+ M (36);1986;Slalom;-;-;-
2022;22FRA022;3-4 Sep 2022;Championnat de ligue OCC Ski Classique;INTER;L;Moissac;https://ems.iwwf.sport/Competitions/Details?Id=c787c2d8-2b46-4db2-989d-7d4ef4cfd551;FRA|1947|PARPETTE JEAN-YVES;PARPETTE Jean-Yves;PARPETTE JEAN-YVES;FRA;1;70+ M (75);1947;Slalom;-;-;-
2022;22FRA022;3-4 Sep 2022;Championnat de ligue OCC Ski Classique;INTER;L;Moissac;https://ems.iwwf.sport/Competitions/Details?Id=c787c2d8-2b46-4db2-989d-7d4ef4cfd551;FRA|1958|RENAUD ALAIN;RENAUD Alain;RENAUD ALAIN;FRA;1;55+ M (64);1958;Slalom;-;-;-
2022;22FRA022;3-4 Sep 2022;Championnat de ligue OCC Ski Classique;INTER;L;Moissac;https://ems.iwwf.sport/Competitions/Details?Id=c787c2d8-2b46-4db2-989d-7d4ef4cfd551;FRA|1995|ROSSETTO TIMOTHEE;ROSSETTO Timothee;ROSSETTO TIMOTHEE;FRA;1;Open M (27);1995;Slalom;-;-;-
2022;22FRA022;3-4 Sep 2022;Championnat de ligue OCC Ski Classique;INTER;L;Moissac;https://ems.iwwf.sport/Competitions/Details?Id=c787c2d8-2b46-4db2-989d-7d4ef4cfd551;FRA|2000|ROUSSET BLANDINE;ROUSSET Blandine;ROUSSET BLANDINE;FRA;1;Open F (22);2000;Slalom;-;-;-
2022;22FRA022;3-4 Sep 2022;Championnat de ligue OCC Ski Classique;INTER;L;Moissac;https://ems.iwwf.sport/Competitions/Details?Id=c787c2d8-2b46-4db2-989d-7d4ef4cfd551;FRA|2003|ZULIAN PAUL;ZULIAN Paul;ZULIAN PAUL;FRA;1;-21 M (19);2003;Slalom;Tricks;-;-
2022;22FRA023;2-3 Jul 2022;Ch Ligue NAQU - Mémorial Michel NAUDINAT;NAT;L;Jarnac;https://ems.iwwf.sport/Competitions/Details?Id=736fd28a-a41a-4404-b818-d41ab0fe97c0;||NO DATA AVAILABLE IN TABLE;No data available in table;NO DATA AVAILABLE IN TABLE;;0;;;;;;
2022;22FRA024;6-7 Aug 2022;Magic Ski Time;INTER;L;Nemours Grez/l...;https://ems.iwwf.sport/Competitions/Details?Id=859dd05b-7ba8-44f4-912f-30affee8ac0c;||NO DATA AVAILABLE IN TABLE;No data available in table;NO DATA AVAILABLE IN TABLE;;0;;;;;;
2022;22FRA025;15-16 Oct 2022;Freezing Magic Cup;INTER;L;Nemours Grez/l...;https://ems.iwwf.sport/Competitions/Details?Id=935e64ae-1d2d-48c6-9a0b-5fd00b3597e7;||NO DATA AVAILABLE IN TABLE;No data available in table;NO DATA AVAILABLE IN TABLE;;0;;;;;;
2022;22FRA026;2-3 Jul 2022;Vinney's Cup 22;INTER;L;Ski Nautique C...;https://ems.iwwf.sport/Competitions/Details?Id=45fe8a10-91d2-4b46-b634-efe14b7b3d58;||NO DATA AVAILABLE IN TABLE;No data available in table;NO DATA AVAILABLE IN TABLE;;0;;;;;;
2022;22FRA027;20-21 Aug 2022;Austin's Cup 22;INTER;L;Ski Nautique C...;https://ems.iwwf.sport/Competitions/Details?Id=7851c25b-df25-40a5-b476-8d39111a6ecc;MAR|2011|ALAOUI DRISS;ALAOUI Driss;ALAOUI DRISS;MAR;0;-12 M (11);2011;Slalom;-;-;-
2022;22FRA027;20-21 Aug 2022;Austin's Cup 22;INTER;L;Ski Nautique C...;https://ems.iwwf.sport/Competitions/Details?Id=7851c25b-df25-40a5-b476-8d39111a6ecc;SUI|2000|BARENGHI JEAN;BARENGHI Jean;BARENGHI JEAN;SUI;0;Open M (22);2000;Slalom;-;-;-
2022;22FRA027;20-21 Aug 2022;Austin's Cup 22;INTER;L;Ski Nautique C...;https://ems.iwwf.sport/Competitions/Details?Id=7851c25b-df25-40a5-b476-8d39111a6ecc;ESP|2001|BARJAU BOADA CLAUDIA;BARJAU BOADA Claudia;BARJAU BOADA CLAUDIA;ESP;0;-21 F (21);2001;Slalom;Tricks;-;-
2022;22FRA027;20-21 Aug 2022;Austin's Cup 22;INTER;L;Ski Nautique C...;https://ems.iwwf.sport/Competitions/Details?Id=7851c25b-df25-40a5-b476-8d39111a6ecc;ESP|2003|BARJAU BOADA SANDRA;BARJAU BOADA Sandra;BARJAU BOADA SANDRA;ESP;0;-21 F (19);2003;Slalom;Tricks;-;-
2022;22FRA027;20-21 Aug 2022;Austin's Cup 22;INTER;L;Ski Nautique C...;https://ems.iwwf.sport/Competitions/Details?Id=7851c25b-df25-40a5-b476-8d39111a6ecc;ESP|2007|BARJAU BOADA SANTI;BARJAU BOADA Santi;BARJAU BOADA SANTI;ESP;0;-17 M (15);2007;Slalom;Tricks;-;-
2022;22FRA027;20-21 Aug 2022;Austin's Cup 22;INTER;L;Ski Nautique C...;https://ems.iwwf.sport/Competitions/Details?Id=7851c25b-df25-40a5-b476-8d39111a6ecc;BEL|1970|BERGER MICHELE;BERGER Michele;BERGER MICHELE;BEL;0;45+ F (52);1970;Slalom;-;-;-
2022;22FRA027;20-21 Aug 2022;Austin's Cup 22;INTER;L;Ski Nautique C...;https://ems.iwwf.sport/Competitions/Details?Id=7851c25b-df25-40a5-b476-8d39111a6ecc;SUI|1972|CESINSKI PIERRE;CESINSKI Pierre;CESINSKI PIERRE;SUI;0;45+ M (50);1972;Slalom;-;-;-
2022;22FRA027;20-21 Aug 2022;Austin's Cup 22;INTER;L;Ski Nautique C...;https://ems.iwwf.sport/Competitions/Details?Id=7851c25b-df25-40a5-b476-8d39111a6ecc;ESP|1997|COLOMER FORNE TATIANA;COLOMER FORNÉ Tatiana;COLOMER FORNE TATIANA;ESP;0;Open F (25);1997;Slalom;-;-;-
2022;22FRA027;20-21 Aug 2022;Austin's Cup 22;INTER;L;Ski Nautique C...;https://ems.iwwf.sport/Competitions/Details?Id=7851c25b-df25-40a5-b476-8d39111a6ecc;FRA|2002|CONSTANS BASTIEN;CONSTANS Bastien;CONSTANS BASTIEN;FRA;1;-21 M (20);2002;Slalom;-;-;-
2022;22FRA027;20-21 Aug 2022;Austin's Cup 22;INTER;L;Ski Nautique C...;https://ems.iwwf.sport/Competitions/Details?Id=7851c25b-df25-40a5-b476-8d39111a6ecc;FRA|2005|CORTES EMMA;CORTES Emma;CORTES EMMA;FRA;1;-17 F (17);2005;Slalom;-;-;-
2022;22FRA027;20-21 Aug 2022;Austin's Cup 22;INTER;L;Ski Nautique C...;https://ems.iwwf.sport/Competitions/Details?Id=7851c25b-df25-40a5-b476-8d39111a6ecc;FRA|2011|CORTES LILOU;CORTES Lilou;CORTES LILOU;FRA;1;-12 F (11);2011;Slalom;Tricks;-;-
2022;22FRA027;20-21 Aug 2022;Austin's Cup 22;INTER;L;Ski Nautique C...;https://ems.iwwf.sport/Competitions/Details?Id=7851c25b-df25-40a5-b476-8d39111a6ecc;FRA|1978|CRASTRE NATHALIE;CRASTRE Nathalie;CRASTRE NATHALIE;FRA;1;35+ F (44);1978;Slalom;Tricks;Jump;Overall
2022;22FRA027;20-21 Aug 2022;Austin's Cup 22;INTER;L;Ski Nautique C...;https://ems.iwwf.sport/Competitions/Details?Id=7851c25b-df25-40a5-b476-8d39111a6ecc;FRA|1970|DE CROZET CAROLE;DE CROZET Carole;DE CROZET CAROLE;FRA;1;45+ F (52);1970;Slalom;-;-;-
2022;22FRA027;20-21 Aug 2022;Austin's Cup 22;INTER;L;Ski Nautique C...;https://ems.iwwf.sport/Competitions/Details?Id=7851c25b-df25-40a5-b476-8d39111a6ecc;FRA|2007|DRAUX VIRGILE;DRAUX Virgile;DRAUX VIRGILE;FRA;1;-17 M (15);2007;Slalom;-;-;-
2022;22FRA027;20-21 Aug 2022;Austin's Cup 22;INTER;L;Ski Nautique C...;https://ems.iwwf.sport/Competitions/Details?Id=7851c25b-df25-40a5-b476-8d39111a6ecc;FRA|2007|DUVERGER MARIE-LOU;DUVERGER Marie-Lou;DUVERGER MARIE-LOU;FRA;1;-17 F (15);2007;Slalom;Tricks;Jump;Overall
2022;22FRA027;20-21 Aug 2022;Austin's Cup 22;INTER;L;Ski Nautique C...;https://ems.iwwf.sport/Competitions/Details?Id=7851c25b-df25-40a5-b476-8d39111a6ecc;ESP|2006|ESPINOSA DE LOS MONTEROS DE UNA BELTRAN;ESPINOSA DE LOS MONTEROS DE UÑA BELTRAN;ESPINOSA DE LOS MONTEROS DE UNA BELTRAN;ESP;0;-17 M (16);2006;Slalom;Tricks;-;-
2022;22FRA027;20-21 Aug 2022;Austin's Cup 22;INTER;L;Ski Nautique C...;https://ems.iwwf.sport/Competitions/Details?Id=7851c25b-df25-40a5-b476-8d39111a6ecc;FRA|1961|FLEURY JEAN-PIERRE;FLEURY Jean-Pierre;FLEURY JEAN-PIERRE;FRA;1;55+ M (61);1961;Slalom;Tricks;-;-
2022;22FRA027;20-21 Aug 2022;Austin's Cup 22;INTER;L;Ski Nautique C...;https://ems.iwwf.sport/Competitions/Details?Id=7851c25b-df25-40a5-b476-8d39111a6ecc;FRA|1968|GEOFFROY ROMAIN;GEOFFROY Romain;GEOFFROY ROMAIN;FRA;1;45+ M (54);1968;Slalom;-;-;-
2022;22FRA027;20-21 Aug 2022;Austin's Cup 22;INTER;L;Ski Nautique C...;https://ems.iwwf.sport/Competitions/Details?Id=7851c25b-df25-40a5-b476-8d39111a6ecc;RSA|1953|JOHNSON JAN;JOHNSON Jan;JOHNSON JAN;RSA;0;65+ F (69);1953;Slalom;-;-;-
2022;22FRA027;20-21 Aug 2022;Austin's Cup 22;INTER;L;Ski Nautique C...;https://ems.iwwf.sport/Competitions/Details?Id=7851c25b-df25-40a5-b476-8d39111a6ecc;SUI|2003|MATHET KARL;MATHET Karl;MATHET KARL;SUI;0;-21 M (19);2003;Slalom;-;-;-
2022;22FRA027;20-21 Aug 2022;Austin's Cup 22;INTER;L;Ski Nautique C...;https://ems.iwwf.sport/Competitions/Details?Id=7851c25b-df25-40a5-b476-8d39111a6ecc;FRA|1969|MAUMY ALBERIC;MAUMY Albéric;MAUMY ALBERIC;FRA;1;45+ M (53);1969;Slalom;-;-;-
2022;22FRA027;20-21 Aug 2022;Austin's Cup 22;INTER;L;Ski Nautique C...;https://ems.iwwf.sport/Competitions/Details?Id=7851c25b-df25-40a5-b476-8d39111a6ecc;MAR|2009|MAUMY AURELIEN;MAUMY Aurélien;MAUMY AURELIEN;MAR;0;-14 M (13);2009;Slalom;Tricks;-;-
2022;22FRA027;20-21 Aug 2022;Austin's Cup 22;INTER;L;Ski Nautique C...;https://ems.iwwf.sport/Competitions/Details?Id=7851c25b-df25-40a5-b476-8d39111a6ecc;FRA|2013|MAUMY EMIL;MAUMY Emil;MAUMY EMIL;FRA;1;-10 M (9);2013;Slalom;Tricks;-;-
2022;22FRA027;20-21 Aug 2022;Austin's Cup 22;INTER;L;Ski Nautique C...;https://ems.iwwf.sport/Competitions/Details?Id=7851c25b-df25-40a5-b476-8d39111a6ecc;FRA|1975|MAUMY STEPHANIE;MAUMY Stéphanie;MAUMY STEPHANIE;FRA;1;45+ F (47);1975;Slalom;-;-;-
2022;22FRA027;20-21 Aug 2022;Austin's Cup 22;INTER;L;Ski Nautique C...;https://ems.iwwf.sport/Competitions/Details?Id=7851c25b-df25-40a5-b476-8d39111a6ecc;FRA|2004|NEYRAC ALBAN;NEYRAC Alban;NEYRAC ALBAN;FRA;1;-21 M (18);2004;Slalom;-;-;-
2022;22FRA027;20-21 Aug 2022;Austin's Cup 22;INTER;L;Ski Nautique C...;https://ems.iwwf.sport/Competitions/Details?Id=7851c25b-df25-40a5-b476-8d39111a6ecc;FRA|2009|NEYRAC QUENTIN;NEYRAC Quentin;NEYRAC QUENTIN;FRA;1;-14 M (13);2009;Slalom;-;-;-
2022;22FRA027;20-21 Aug 2022;Austin's Cup 22;INTER;L;Ski Nautique C...;https://ems.iwwf.sport/Competitions/Details?Id=7851c25b-df25-40a5-b476-8d39111a6ecc;ESP|2002|NOGUERA VERGES LAURA;NOGUERA VERGÉS Laura;NOGUERA VERGES LAURA;ESP;0;-21 F (20);2002;Slalom;-;-;-
2022;22FRA027;20-21 Aug 2022;Austin's Cup 22;INTER;L;Ski Nautique C...;https://ems.iwwf.sport/Competitions/Details?Id=7851c25b-df25-40a5-b476-8d39111a6ecc;FRA|1959|PAOLI JEAN-MICHEL;PAOLI Jean-Michel;PAOLI JEAN-MICHEL;FRA;1;55+ M (63);1959;-;Tricks;-;-
2022;22FRA027;20-21 Aug 2022;Austin's Cup 22;INTER;L;Ski Nautique C...;https://ems.iwwf.sport/Competitions/Details?Id=7851c25b-df25-40a5-b476-8d39111a6ecc;ESP|2006|PRATS VICANDI CARLA;PRATS VICANDI Carla;PRATS VICANDI CARLA;ESP;0;-17 F (16);2006;Slalom;-;-;-
2022;22FRA027;20-21 Aug 2022;Austin's Cup 22;INTER;L;Ski Nautique C...;https://ems.iwwf.sport/Competitions/Details?Id=7851c25b-df25-40a5-b476-8d39111a6ecc;ESP|2004|PRATS VICANDI SOFIA;PRATS VICANDI Sofia;PRATS VICANDI SOFIA;ESP;0;-21 F (18);2004;Slalom;-;-;-
2022;22FRA027;20-21 Aug 2022;Austin's Cup 22;INTER;L;Ski Nautique C...;https://ems.iwwf.sport/Competitions/Details?Id=7851c25b-df25-40a5-b476-8d39111a6ecc;ESP|2010|ROY MARTINEZ MAX;ROY MARTINEZ Max;ROY MARTINEZ MAX;ESP;0;-12 M (12);2010;Slalom;-;-;-
2022;22FRA027;20-21 Aug 2022;Austin's Cup 22;INTER;L;Ski Nautique C...;https://ems.iwwf.sport/Competitions/Details?Id=7851c25b-df25-40a5-b476-8d39111a6ecc;FRA|2010|SAUNIER THIMOTE;SAUNIER Thimote;SAUNIER THIMOTE;FRA;1;-12 M (12);2010;Slalom;Tricks;-;-
2022;22FRA027;20-21 Aug 2022;Austin's Cup 22;INTER;L;Ski Nautique C...;https://ems.iwwf.sport/Competitions/Details?Id=7851c25b-df25-40a5-b476-8d39111a6ecc;ESP|1999|SAUVAT THEODORE;SAUVAT Theodore;SAUVAT THEODORE;ESP;0;Open M (23);1999;Slalom;-;-;-
2022;22FRA027;20-21 Aug 2022;Austin's Cup 22;INTER;L;Ski Nautique C...;https://ems.iwwf.sport/Competitions/Details?Id=7851c25b-df25-40a5-b476-8d39111a6ecc;BEL|2008|SOLE INES;SOLÉ Inès;SOLE INES;BEL;0;-14 F (14);2008;Slalom;-;-;-
2022;22FRA027;20-21 Aug 2022;Austin's Cup 22;INTER;L;Ski Nautique C...;https://ems.iwwf.sport/Competitions/Details?Id=7851c25b-df25-40a5-b476-8d39111a6ecc;FRA|2005|SOUCI BENJAMIN;SOUCI Benjamin;SOUCI BENJAMIN;FRA;1;-17 M (17);2005;Slalom;Tricks;-;-
2022;22FRA027;20-21 Aug 2022;Austin's Cup 22;INTER;L;Ski Nautique C...;https://ems.iwwf.sport/Competitions/Details?Id=7851c25b-df25-40a5-b476-8d39111a6ecc;FRA|1985|SOURTY MARC;SOURTY Marc;SOURTY MARC;FRA;1;35+ M (37);1985;Slalom;Tricks;Jump;Overall
2022;22FRA027;20-21 Aug 2022;Austin's Cup 22;INTER;L;Ski Nautique C...;https://ems.iwwf.sport/Competitions/Details?Id=7851c25b-df25-40a5-b476-8d39111a6ecc;ESP|1972|SUAREZ ALVAREZ NICOLAS;SUAREZ ALVAREZ Nicolas;SUAREZ ALVAREZ NICOLAS;ESP;0;Open M (50);1972;Slalom;-;-;-
2022;22FRA027;20-21 Aug 2022;Austin's Cup 22;INTER;L;Ski Nautique C...;https://ems.iwwf.sport/Competitions/Details?Id=7851c25b-df25-40a5-b476-8d39111a6ecc;ESP|2006|SUAREZ MENENDEZ MARTA;SUAREZ MENENDEZ Marta;SUAREZ MENENDEZ MARTA;ESP;0;-17 F (16);2006;Slalom;-;-;-
2022;22FRA027;20-21 Aug 2022;Austin's Cup 22;INTER;L;Ski Nautique C...;https://ems.iwwf.sport/Competitions/Details?Id=7851c25b-df25-40a5-b476-8d39111a6ecc;ESP|2004|TEIXIDOR JUNIOR DANI;TEIXIDOR JUNIOR Dani;TEIXIDOR JUNIOR DANI;ESP;0;-21 M (18);2004;Slalom;Tricks;-;-
2022;22FRA027;20-21 Aug 2022;Austin's Cup 22;INTER;L;Ski Nautique C...;https://ems.iwwf.sport/Competitions/Details?Id=7851c25b-df25-40a5-b476-8d39111a6ecc;ESP|2002|TEIXIDOR TONO;TEIXIDOR Tono;TEIXIDOR TONO;ESP;0;-21 M (20);2002;Slalom;Tricks;-;-
2022;22FRA027;20-21 Aug 2022;Austin's Cup 22;INTER;L;Ski Nautique C...;https://ems.iwwf.sport/Competitions/Details?Id=7851c25b-df25-40a5-b476-8d39111a6ecc;NED|2005|VAN BERGEN EVA;VAN BERGEN Eva;VAN BERGEN EVA;NED;0;-17 F (17);2005;Slalom;-;-;-
2022;22FRA027;20-21 Aug 2022;Austin's Cup 22;INTER;L;Ski Nautique C...;https://ems.iwwf.sport/Competitions/Details?Id=7851c25b-df25-40a5-b476-8d39111a6ecc;NED|2007|VAN BERGEN SOFIE;VAN BERGEN Sofie;VAN BERGEN SOFIE;NED;0;-17 F (15);2007;Slalom;Tricks;-;-
2022;22FRA027;20-21 Aug 2022;Austin's Cup 22;INTER;L;Ski Nautique C...;https://ems.iwwf.sport/Competitions/Details?Id=7851c25b-df25-40a5-b476-8d39111a6ecc;ESP|1972|VAZQUEZ VALLS SERGIO KILLIAN;VÁZQUEZ VALLS Sergio Killian;VAZQUEZ VALLS SERGIO KILLIAN;ESP;0;Open M (50);1972;Slalom;-;-;-
2022;22FRA028;30-31 Jul 2022;Coupe de Meuzac;INTER;L;BEACH SKI ACAD...;https://ems.iwwf.sport/Competitions/Details?Id=10a02285-0457-4f0b-b717-d0027e1d618b;||NO DATA AVAILABLE IN TABLE;No data available in table;NO DATA AVAILABLE IN TABLE;;0;;;;;;
2022;22FRA029;13-14 Jul 2022;Championnats de France SENIOR;NatCH;L;Ski Nautique C...;https://ems.iwwf.sport/Competitions/Details?Id=93db8db5-68a9-42ff-a771-8e97964ad8d7;||NO DATA AVAILABLE IN TABLE;No data available in table;NO DATA AVAILABLE IN TABLE;;0;;;;;;
2022;22FRA030;26-28 Aug 2022;Championnats de France RELEVES U10 to U17 - Championnat de Ligue BFC;NatCH;L;Ski nautique M...;https://ems.iwwf.sport/Competitions/Details?Id=94f3bdf4-896c-4bef-9e35-c0c3e72b9975;FRA|1956|BALLOT GERARD;BALLOT Gerard;BALLOT GERARD;FRA;1;65+ M (66);1956;Slalom;-;-;-
2022;22FRA030;26-28 Aug 2022;Championnats de France RELEVES U10 to U17 - Championnat de Ligue BFC;NatCH;L;Ski nautique M...;https://ems.iwwf.sport/Competitions/Details?Id=94f3bdf4-896c-4bef-9e35-c0c3e72b9975;FRA|1965|COMBET ZILL MARIE (MARIE-CLAUDE);COMBET ZILL Marie (Marie-Claude);COMBET ZILL MARIE (MARIE-CLAUDE);FRA;1;55+ F (57);1965;Slalom;-;-;-
2022;22FRA030;26-28 Aug 2022;Championnats de France RELEVES U10 to U17 - Championnat de Ligue BFC;NatCH;L;Ski nautique M...;https://ems.iwwf.sport/Competitions/Details?Id=94f3bdf4-896c-4bef-9e35-c0c3e72b9975;FRA|2005|CORTES EMMA;CORTES Emma;CORTES EMMA;FRA;1;-17 F (17);2005;Slalom;Tricks;-;-
2022;22FRA030;26-28 Aug 2022;Championnats de France RELEVES U10 to U17 - Championnat de Ligue BFC;NatCH;L;Ski nautique M...;https://ems.iwwf.sport/Competitions/Details?Id=94f3bdf4-896c-4bef-9e35-c0c3e72b9975;FRA|2011|CORTES LILOU;CORTES Lilou;CORTES LILOU;FRA;1;-12 F (11);2011;Slalom;Tricks;-;-
2022;22FRA030;26-28 Aug 2022;Championnats de France RELEVES U10 to U17 - Championnat de Ligue BFC;NatCH;L;Ski nautique M...;https://ems.iwwf.sport/Competitions/Details?Id=94f3bdf4-896c-4bef-9e35-c0c3e72b9975;FRA|2008|COSTER CARLA;COSTER Carla;COSTER CARLA;FRA;1;-14 F (14);2008;Slalom;-;-;-
2022;22FRA030;26-28 Aug 2022;Championnats de France RELEVES U10 to U17 - Championnat de Ligue BFC;NatCH;L;Ski nautique M...;https://ems.iwwf.sport/Competitions/Details?Id=94f3bdf4-896c-4bef-9e35-c0c3e72b9975;FRA|2006|CURTI CLEMENTINE;CURTI Clémentine;CURTI CLEMENTINE;FRA;1;-17 F (16);2006;Slalom;Tricks;Jump;Overall
2022;22FRA030;26-28 Aug 2022;Championnats de France RELEVES U10 to U17 - Championnat de Ligue BFC;NatCH;L;Ski nautique M...;https://ems.iwwf.sport/Competitions/Details?Id=94f3bdf4-896c-4bef-9e35-c0c3e72b9975;FRA|2007|DUVERGER MARIE-LOU;DUVERGER Marie-Lou;DUVERGER MARIE-LOU;FRA;1;-17 F (15);2007;Slalom;Tricks;Jump;Overall
2022;22FRA030;26-28 Aug 2022;Championnats de France RELEVES U10 to U17 - Championnat de Ligue BFC;NatCH;L;Ski nautique M...;https://ems.iwwf.sport/Competitions/Details?Id=94f3bdf4-896c-4bef-9e35-c0c3e72b9975;FRA|1970|FARAUT MARC;FARAUT Marc;FARAUT MARC;FRA;1;45+ M (52);1970;Slalom;-;-;-
2022;22FRA030;26-28 Aug 2022;Championnats de France RELEVES U10 to U17 - Championnat de Ligue BFC;NatCH;L;Ski nautique M...;https://ems.iwwf.sport/Competitions/Details?Id=94f3bdf4-896c-4bef-9e35-c0c3e72b9975;FRA|2008|FAUTREL PIERRICK;FAUTREL Pierrick;FAUTREL PIERRICK;FRA;1;-14 M (14);2008;Slalom;-;-;-
2022;22FRA030;26-28 Aug 2022;Championnats de France RELEVES U10 to U17 - Championnat de Ligue BFC;NatCH;L;Ski nautique M...;https://ems.iwwf.sport/Competitions/Details?Id=94f3bdf4-896c-4bef-9e35-c0c3e72b9975;FRA|2005|FAUTREL SEBASTIEN;FAUTREL Sébastien;FAUTREL SEBASTIEN;FRA;1;-17 M (17);2005;Slalom;-;-;-
2022;22FRA030;26-28 Aug 2022;Championnats de France RELEVES U10 to U17 - Championnat de Ligue BFC;NatCH;L;Ski nautique M...;https://ems.iwwf.sport/Competitions/Details?Id=94f3bdf4-896c-4bef-9e35-c0c3e72b9975;FRA|2008|GILG GASPARD;GILG Gaspard;GILG GASPARD;FRA;1;-14 M (14);2008;Slalom;Tricks;Jump;Overall
2022;22FRA030;26-28 Aug 2022;Championnats de France RELEVES U10 to U17 - Championnat de Ligue BFC;NatCH;L;Ski nautique M...;https://ems.iwwf.sport/Competitions/Details?Id=94f3bdf4-896c-4bef-9e35-c0c3e72b9975;FRA|1956|GOLAY ERIC;GOLAY Eric;GOLAY ERIC;FRA;1;65+ M (66);1956;Slalom;-;-;-
2022;22FRA030;26-28 Aug 2022;Championnats de France RELEVES U10 to U17 - Championnat de Ligue BFC;NatCH;L;Ski nautique M...;https://ems.iwwf.sport/Competitions/Details?Id=94f3bdf4-896c-4bef-9e35-c0c3e72b9975;FRA|1978|HUGONIN ALEXANDRE;HUGONIN Alexandre;HUGONIN ALEXANDRE;FRA;1;35+ M (44);1978;Slalom;Tricks;Jump;Overall
2022;22FRA030;26-28 Aug 2022;Championnats de France RELEVES U10 to U17 - Championnat de Ligue BFC;NatCH;L;Ski nautique M...;https://ems.iwwf.sport/Competitions/Details?Id=94f3bdf4-896c-4bef-9e35-c0c3e72b9975;FRA|1965|LANCIEN ESCOLANO FLORENCE;LANCIEN ESCOLANO Florence;LANCIEN ESCOLANO FLORENCE;FRA;1;55+ F (57);1965;Slalom;Tricks;Jump;Overall
2022;22FRA030;26-28 Aug 2022;Championnats de France RELEVES U10 to U17 - Championnat de Ligue BFC;NatCH;L;Ski nautique M...;https://ems.iwwf.sport/Competitions/Details?Id=94f3bdf4-896c-4bef-9e35-c0c3e72b9975;FRA|2010|LE FORESTIER MAELYS;LE FORESTIER Maelys;LE FORESTIER MAELYS;FRA;1;-12 F (12);2010;Slalom;Tricks;Jump;Overall
2022;22FRA030;26-28 Aug 2022;Championnats de France RELEVES U10 to U17 - Championnat de Ligue BFC;NatCH;L;Ski nautique M...;https://ems.iwwf.sport/Competitions/Details?Id=94f3bdf4-896c-4bef-9e35-c0c3e72b9975;MAR|2009|MAUMY AURELIEN;MAUMY Aurélien;MAUMY AURELIEN;MAR;0;-14 M (13);2009;Slalom;Tricks;-;-
2022;22FRA030;26-28 Aug 2022;Championnats de France RELEVES U10 to U17 - Championnat de Ligue BFC;NatCH;L;Ski nautique M...;https://ems.iwwf.sport/Competitions/Details?Id=94f3bdf4-896c-4bef-9e35-c0c3e72b9975;FRA|2013|MAUMY EMIL;MAUMY Emil;MAUMY EMIL;FRA;1;-10 M (9);2013;Slalom;Tricks;-;-
2022;22FRA030;26-28 Aug 2022;Championnats de France RELEVES U10 to U17 - Championnat de Ligue BFC;NatCH;L;Ski nautique M...;https://ems.iwwf.sport/Competitions/Details?Id=94f3bdf4-896c-4bef-9e35-c0c3e72b9975;FRA|2010|MOREL MELITINE;MOREL Melitine;MOREL MELITINE;FRA;1;-12 F (12);2010;Slalom;Tricks;Jump;Overall
2022;22FRA030;26-28 Aug 2022;Championnats de France RELEVES U10 to U17 - Championnat de Ligue BFC;NatCH;L;Ski nautique M...;https://ems.iwwf.sport/Competitions/Details?Id=94f3bdf4-896c-4bef-9e35-c0c3e72b9975;FRA|2011|NAEL TESSA;NAEL Tessa;NAEL TESSA;FRA;1;-12 F (11);2011;Slalom;Tricks;-;-
2022;22FRA030;26-28 Aug 2022;Championnats de France RELEVES U10 to U17 - Championnat de Ligue BFC;NatCH;L;Ski nautique M...;https://ems.iwwf.sport/Competitions/Details?Id=94f3bdf4-896c-4bef-9e35-c0c3e72b9975;FRA|2009|NEYRAC QUENTIN;NEYRAC Quentin;NEYRAC QUENTIN;FRA;1;-14 M (13);2009;Slalom;Tricks;Jump;Overall
2022;22FRA030;26-28 Aug 2022;Championnats de France RELEVES U10 to U17 - Championnat de Ligue BFC;NatCH;L;Ski nautique M...;https://ems.iwwf.sport/Competitions/Details?Id=94f3bdf4-896c-4bef-9e35-c0c3e72b9975;FRA|2003|PAGET MARIE;PAGET Marie;PAGET MARIE;FRA;1;-21 F (19);2003;Slalom;Tricks;Jump;Overall
2022;22FRA030;26-28 Aug 2022;Championnats de France RELEVES U10 to U17 - Championnat de Ligue BFC;NatCH;L;Ski nautique M...;https://ems.iwwf.sport/Competitions/Details?Id=94f3bdf4-896c-4bef-9e35-c0c3e72b9975;FRA|2007|PIMIENTA-JACQUEMARD SALOME;PIMIENTA-JACQUEMARD Salomé;PIMIENTA-JACQUEMARD SALOME;FRA;1;-17 F (15);2007;Slalom;Tricks;Jump;Overall
2022;22FRA030;26-28 Aug 2022;Championnats de France RELEVES U10 to U17 - Championnat de Ligue BFC;NatCH;L;Ski nautique M...;https://ems.iwwf.sport/Competitions/Details?Id=94f3bdf4-896c-4bef-9e35-c0c3e72b9975;FRA|1973|PIROLI GILLES;PIROLI Gilles;PIROLI GILLES;FRA;1;45+ M (49);1973;Slalom;-;-;-
2022;22FRA030;26-28 Aug 2022;Championnats de France RELEVES U10 to U17 - Championnat de Ligue BFC;NatCH;L;Ski nautique M...;https://ems.iwwf.sport/Competitions/Details?Id=94f3bdf4-896c-4bef-9e35-c0c3e72b9975;FRA|2009|POITOUX CHRISTMANN CHARLES;POITOUX CHRISTMANN Charles;POITOUX CHRISTMANN CHARLES;FRA;1;-14 M (13);2009;Slalom;Tricks;Jump;Overall
2022;22FRA030;26-28 Aug 2022;Championnats de France RELEVES U10 to U17 - Championnat de Ligue BFC;NatCH;L;Ski nautique M...;https://ems.iwwf.sport/Competitions/Details?Id=94f3bdf4-896c-4bef-9e35-c0c3e72b9975;SUI|1972|RUEGG STEFAN;RUEGG Stefan;RUEGG STEFAN;SUI;0;45+ M (50);1972;Slalom;-;-;-
2022;22FRA030;26-28 Aug 2022;Championnats de France RELEVES U10 to U17 - Championnat de Ligue BFC;NatCH;L;Ski nautique M...;https://ems.iwwf.sport/Competitions/Details?Id=94f3bdf4-896c-4bef-9e35-c0c3e72b9975;FRA|2010|SAUNIER THIMOTE;SAUNIER Thimote;SAUNIER THIMOTE;FRA;1;-14 M (12);2010;Slalom;Tricks;-;-
2022;22FRA030;26-28 Aug 2022;Championnats de France RELEVES U10 to U17 - Championnat de Ligue BFC;NatCH;L;Ski nautique M...;https://ems.iwwf.sport/Competitions/Details?Id=94f3bdf4-896c-4bef-9e35-c0c3e72b9975;FRA|2005|SOUCI BENJAMIN;SOUCI Benjamin;SOUCI BENJAMIN;FRA;1;-17 M (17);2005;Slalom;Tricks;Jump;Overall
2022;22FRA030;26-28 Aug 2022;Championnats de France RELEVES U10 to U17 - Championnat de Ligue BFC;NatCH;L;Ski nautique M...;https://ems.iwwf.sport/Competitions/Details?Id=94f3bdf4-896c-4bef-9e35-c0c3e72b9975;SUI|2008|VERHAEGHE-PELLICER JOSHUA;VERHAEGHE-PELLICER Joshua;VERHAEGHE-PELLICER JOSHUA;SUI;0;-14 M (14);2008;Slalom;Tricks;Jump;Overall
2022;22FRA030;26-28 Aug 2022;Championnats de France RELEVES U10 to U17 - Championnat de Ligue BFC;NatCH;L;Ski nautique M...;https://ems.iwwf.sport/Competitions/Details?Id=94f3bdf4-896c-4bef-9e35-c0c3e72b9975;FRA|2007|VERMOT-GAUD ANDREA;VERMOT-GAUD Andrea;VERMOT-GAUD ANDREA;FRA;1;-17 F (15);2007;Slalom;Tricks;Jump;Overall
2022;22FRA030;26-28 Aug 2022;Championnats de France RELEVES U10 to U17 - Championnat de Ligue BFC;NatCH;L;Ski nautique M...;https://ems.iwwf.sport/Competitions/Details?Id=94f3bdf4-896c-4bef-9e35-c0c3e72b9975;FRA|1967|VERMOT-GAUD OLIVIER;VERMOT-GAUD Olivier;VERMOT-GAUD OLIVIER;FRA;1;45+ M (55);1967;Slalom;-;-;-
2022;22FRA030;26-28 Aug 2022;Championnats de France RELEVES U10 to U17 - Championnat de Ligue BFC;NatCH;L;Ski nautique M...;https://ems.iwwf.sport/Competitions/Details?Id=94f3bdf4-896c-4bef-9e35-c0c3e72b9975;FRA|1987|WELTER CLAIRE-LISE;WELTER Claire-Lise;WELTER CLAIRE-LISE;FRA;1;Open F (35);1987;Slalom;-;-;-
2022;22FRA031;18-20 Jul 2022;Championnat de France OPEN U21;NatCH;R;Ski Nautique C...;https://ems.iwwf.sport/Competitions/Details?Id=ba2ac725-7e3e-4420-a035-12947216d36d;||NO DATA AVAILABLE IN TABLE;No data available in table;NO DATA AVAILABLE IN TABLE;;0;;;;;;
2022;22FRA037;23-24 Jul 2022;GRAND PRIX DE MARCILLAC;INTER;L;Ski Club Nauti...;https://ems.iwwf.sport/Competitions/Details?Id=598a517e-d22f-4842-9525-917ceb1983ad;FRA|2002|ANGUENOT INES;ANGUENOT Inès;ANGUENOT INES;FRA;1;-21 F (20);2002;Slalom;Tricks;-;-
2022;22FRA037;23-24 Jul 2022;GRAND PRIX DE MARCILLAC;INTER;L;Ski Club Nauti...;https://ems.iwwf.sport/Competitions/Details?Id=598a517e-d22f-4842-9525-917ceb1983ad;ESP|2005|ARANGO AFRICA;ARANGO Africa;ARANGO AFRICA;ESP;0;-17 F (17);2005;Slalom;-;-;-
2022;22FRA037;23-24 Jul 2022;GRAND PRIX DE MARCILLAC;INTER;L;Ski Club Nauti...;https://ems.iwwf.sport/Competitions/Details?Id=598a517e-d22f-4842-9525-917ceb1983ad;FRA|1965|BARNOIN HUGUES;BARNOIN Hugues;BARNOIN HUGUES;FRA;1;55+ M (57);1965;Slalom;-;-;-
2022;22FRA037;23-24 Jul 2022;GRAND PRIX DE MARCILLAC;INTER;L;Ski Club Nauti...;https://ems.iwwf.sport/Competitions/Details?Id=598a517e-d22f-4842-9525-917ceb1983ad;MAR|2004|BELMRAH KAMIL;BELMRAH Kamil;BELMRAH KAMIL;MAR;0;-21 M (18);2004;Slalom;-;-;-
2022;22FRA037;23-24 Jul 2022;GRAND PRIX DE MARCILLAC;INTER;L;Ski Club Nauti...;https://ems.iwwf.sport/Competitions/Details?Id=598a517e-d22f-4842-9525-917ceb1983ad;SUI|2001|COGNE TANCREDI;COGNE Tancredi;COGNE TANCREDI;SUI;0;-21 M (21);2001;Slalom;-;-;-
2022;22FRA037;23-24 Jul 2022;GRAND PRIX DE MARCILLAC;INTER;L;Ski Club Nauti...;https://ems.iwwf.sport/Competitions/Details?Id=598a517e-d22f-4842-9525-917ceb1983ad;FRA|2002|CONSTANS BASTIEN;CONSTANS Bastien;CONSTANS BASTIEN;FRA;1;-21 M (20);2002;Slalom;Tricks;Jump;Overall
2022;22FRA037;23-24 Jul 2022;GRAND PRIX DE MARCILLAC;INTER;L;Ski Club Nauti...;https://ems.iwwf.sport/Competitions/Details?Id=598a517e-d22f-4842-9525-917ceb1983ad;FRA|2001|CONSTANS LEA;CONSTANS Lea;CONSTANS LEA;FRA;1;-21 F (21);2001;Slalom;-;-;-
2022;22FRA037;23-24 Jul 2022;GRAND PRIX DE MARCILLAC;INTER;L;Ski Club Nauti...;https://ems.iwwf.sport/Competitions/Details?Id=598a517e-d22f-4842-9525-917ceb1983ad;FRA|2011|CONTE LUBIN;CONTE Lubin;CONTE LUBIN;FRA;1;-12 M (11);2011;Slalom;Tricks;Jump;Overall
2022;22FRA037;23-24 Jul 2022;GRAND PRIX DE MARCILLAC;INTER;L;Ski Club Nauti...;https://ems.iwwf.sport/Competitions/Details?Id=598a517e-d22f-4842-9525-917ceb1983ad;FRA|2006|CURTI CLEMENTINE;CURTI Clémentine;CURTI CLEMENTINE;FRA;1;-17 F (16);2006;Slalom;Tricks;Jump;Overall
2022;22FRA037;23-24 Jul 2022;GRAND PRIX DE MARCILLAC;INTER;L;Ski Club Nauti...;https://ems.iwwf.sport/Competitions/Details?Id=598a517e-d22f-4842-9525-917ceb1983ad;FRA|2007|DUPLAN FRIBOURG TRISTAN;DUPLAN FRIBOURG Tristan;DUPLAN FRIBOURG TRISTAN;FRA;1;-17 M (15);2007;Slalom;Tricks;-;-
2022;22FRA037;23-24 Jul 2022;GRAND PRIX DE MARCILLAC;INTER;L;Ski Club Nauti...;https://ems.iwwf.sport/Competitions/Details?Id=598a517e-d22f-4842-9525-917ceb1983ad;SUI|2004|FAEH JULIE;FAEH Julie;FAEH JULIE;SUI;0;-21 F (18);2004;Slalom;Tricks;-;-
2022;22FRA037;23-24 Jul 2022;GRAND PRIX DE MARCILLAC;INTER;L;Ski Club Nauti...;https://ems.iwwf.sport/Competitions/Details?Id=598a517e-d22f-4842-9525-917ceb1983ad;FRA|1980|FAISY JEAN BAPTISTE;FAISY Jean Baptiste;FAISY JEAN BAPTISTE;FRA;1;35+ M (42);1980;Slalom;-;-;-
2022;22FRA037;23-24 Jul 2022;GRAND PRIX DE MARCILLAC;INTER;L;Ski Club Nauti...;https://ems.iwwf.sport/Competitions/Details?Id=598a517e-d22f-4842-9525-917ceb1983ad;FRA|2008|GARCIA AXEL;GARCIA Axel;GARCIA AXEL;FRA;1;-14 M (14);2008;-;Tricks;-;-
2022;22FRA037;23-24 Jul 2022;GRAND PRIX DE MARCILLAC;INTER;L;Ski Club Nauti...;https://ems.iwwf.sport/Competitions/Details?Id=598a517e-d22f-4842-9525-917ceb1983ad;FRA|1975|GILG BENJAMIN;GILG Benjamin;GILG BENJAMIN;FRA;1;Open M (47);1975;Slalom;-;-;-
2022;22FRA037;23-24 Jul 2022;GRAND PRIX DE MARCILLAC;INTER;L;Ski Club Nauti...;https://ems.iwwf.sport/Competitions/Details?Id=598a517e-d22f-4842-9525-917ceb1983ad;FRA|2008|GILG GASPARD;GILG Gaspard;GILG GASPARD;FRA;1;-14 M (14);2008;Slalom;Tricks;Jump;Overall
2022;22FRA037;23-24 Jul 2022;GRAND PRIX DE MARCILLAC;INTER;L;Ski Club Nauti...;https://ems.iwwf.sport/Competitions/Details?Id=598a517e-d22f-4842-9525-917ceb1983ad;FRA|1958|LAUMET CHRISTINE;LAUMET Christine;LAUMET CHRISTINE;FRA;1;55+ F (64);1958;Slalom;-;-;-
2022;22FRA037;23-24 Jul 2022;GRAND PRIX DE MARCILLAC;INTER;L;Ski Club Nauti...;https://ems.iwwf.sport/Competitions/Details?Id=598a517e-d22f-4842-9525-917ceb1983ad;FRA|1957|LAUMET OLIVIER;LAUMET Olivier;LAUMET OLIVIER;FRA;1;55+ M (65);1957;Slalom;-;-;-
2022;22FRA037;23-24 Jul 2022;GRAND PRIX DE MARCILLAC;INTER;L;Ski Club Nauti...;https://ems.iwwf.sport/Competitions/Details?Id=598a517e-d22f-4842-9525-917ceb1983ad;FRA|1950|LEPRINCE PHILIPPE;LEPRINCE Philippe;LEPRINCE PHILIPPE;FRA;1;70+ M (72);1950;Slalom;-;-;-
2022;22FRA037;23-24 Jul 2022;GRAND PRIX DE MARCILLAC;INTER;L;Ski Club Nauti...;https://ems.iwwf.sport/Competitions/Details?Id=598a517e-d22f-4842-9525-917ceb1983ad;FRA|2004|NEYRAC ALBAN;NEYRAC Alban;NEYRAC ALBAN;FRA;1;-21 M (18);2004;Slalom;-;Jump;-
2022;22FRA037;23-24 Jul 2022;GRAND PRIX DE MARCILLAC;INTER;L;Ski Club Nauti...;https://ems.iwwf.sport/Competitions/Details?Id=598a517e-d22f-4842-9525-917ceb1983ad;FRA|2009|NEYRAC QUENTIN;NEYRAC Quentin;NEYRAC QUENTIN;FRA;1;-14 M (13);2009;Slalom;Tricks;Jump;Overall
2022;22FRA037;23-24 Jul 2022;GRAND PRIX DE MARCILLAC;INTER;L;Ski Club Nauti...;https://ems.iwwf.sport/Competitions/Details?Id=598a517e-d22f-4842-9525-917ceb1983ad;FRA|1959|PAOLI JEAN-MICHEL;PAOLI Jean-Michel;PAOLI JEAN-MICHEL;FRA;1;55+ M (63);1959;-;Tricks;-;-
2022;22FRA037;23-24 Jul 2022;GRAND PRIX DE MARCILLAC;INTER;L;Ski Club Nauti...;https://ems.iwwf.sport/Competitions/Details?Id=598a517e-d22f-4842-9525-917ceb1983ad;FRA|2009|POITOUX CHRISTMANN CHARLES;POITOUX CHRISTMANN Charles;POITOUX CHRISTMANN CHARLES;FRA;1;-14 M (13);2009;Slalom;Tricks;Jump;Overall
2022;22FRA037;23-24 Jul 2022;GRAND PRIX DE MARCILLAC;INTER;L;Ski Club Nauti...;https://ems.iwwf.sport/Competitions/Details?Id=598a517e-d22f-4842-9525-917ceb1983ad;ESP|2001|PREGEL BOLLMAN ALEX;PREGEL BOLLMAN Alex;PREGEL BOLLMAN ALEX;ESP;0;-21 M (21);2001;Slalom;Tricks;-;-
2022;22FRA037;23-24 Jul 2022;GRAND PRIX DE MARCILLAC;INTER;L;Ski Club Nauti...;https://ems.iwwf.sport/Competitions/Details?Id=598a517e-d22f-4842-9525-917ceb1983ad;ESP|2001|PREGEL BOLLMAN ERIC;PREGEL BOLLMAN Eric;PREGEL BOLLMAN ERIC;ESP;0;-21 M (21);2001;Slalom;Tricks;-;-
2022;22FRA037;23-24 Jul 2022;GRAND PRIX DE MARCILLAC;INTER;L;Ski Club Nauti...;https://ems.iwwf.sport/Competitions/Details?Id=598a517e-d22f-4842-9525-917ceb1983ad;FRA|2000|ROUSSET BLANDINE;ROUSSET Blandine;ROUSSET BLANDINE;FRA;1;Open F (22);2000;Slalom;-;-;-
2022;22FRA037;23-24 Jul 2022;GRAND PRIX DE MARCILLAC;INTER;L;Ski Club Nauti...;https://ems.iwwf.sport/Competitions/Details?Id=598a517e-d22f-4842-9525-917ceb1983ad;FRA|2010|SAUNIER THIMOTE;SAUNIER Thimote;SAUNIER THIMOTE;FRA;1;-12 M (12);2010;Slalom;Tricks;-;-
2022;22FRA037;23-24 Jul 2022;GRAND PRIX DE MARCILLAC;INTER;L;Ski Club Nauti...;https://ems.iwwf.sport/Competitions/Details?Id=598a517e-d22f-4842-9525-917ceb1983ad;FRA|2005|SOUCI BENJAMIN;SOUCI Benjamin;SOUCI BENJAMIN;FRA;1;-17 M (17);2005;Slalom;Tricks;Jump;Overall
2022;22FRA037;23-24 Jul 2022;GRAND PRIX DE MARCILLAC;INTER;L;Ski Club Nauti...;https://ems.iwwf.sport/Competitions/Details?Id=598a517e-d22f-4842-9525-917ceb1983ad;FRA|2004|STAB BAPTISTE;STAB Baptiste;STAB BAPTISTE;FRA;1;-21 M (18);2004;Slalom;-;-;-
2022;22FRA037;23-24 Jul 2022;GRAND PRIX DE MARCILLAC;INTER;L;Ski Club Nauti...;https://ems.iwwf.sport/Competitions/Details?Id=598a517e-d22f-4842-9525-917ceb1983ad;FRA|1999|STAB CAMILLE;STAB Camille;STAB CAMILLE;FRA;1;Open F (23);1999;Slalom;-;-;-
2022;22FRA037;23-24 Jul 2022;GRAND PRIX DE MARCILLAC;INTER;L;Ski Club Nauti...;https://ems.iwwf.sport/Competitions/Details?Id=598a517e-d22f-4842-9525-917ceb1983ad;ESP|1965|TEIXIDOR DANI;TEIXIDOR Dani;TEIXIDOR DANI;ESP;0;Open M (57);1965;Slalom;-;-;-
2022;22FRA037;23-24 Jul 2022;GRAND PRIX DE MARCILLAC;INTER;L;Ski Club Nauti...;https://ems.iwwf.sport/Competitions/Details?Id=598a517e-d22f-4842-9525-917ceb1983ad;ESP|2004|TEIXIDOR JUNIOR DANI;TEIXIDOR JUNIOR Dani;TEIXIDOR JUNIOR DANI;ESP;0;-21 M (18);2004;Slalom;Tricks;-;-
2022;22FRA037;23-24 Jul 2022;GRAND PRIX DE MARCILLAC;INTER;L;Ski Club Nauti...;https://ems.iwwf.sport/Competitions/Details?Id=598a517e-d22f-4842-9525-917ceb1983ad;ESP|2002|TEIXIDOR TONO;TEIXIDOR Tono;TEIXIDOR TONO;ESP;0;-21 M (20);2002;Slalom;Tricks;-;-
2022;22FRA037;23-24 Jul 2022;GRAND PRIX DE MARCILLAC;INTER;L;Ski Club Nauti...;https://ems.iwwf.sport/Competitions/Details?Id=598a517e-d22f-4842-9525-917ceb1983ad;SUI|2004|WOLFISBERG JANNI;WOLFISBERG Janni;WOLFISBERG JANNI;SUI;0;-21 M (18);2004;Slalom;-;-;-
2022;22FRA037;23-24 Jul 2022;GRAND PRIX DE MARCILLAC;INTER;L;Ski Club Nauti...;https://ems.iwwf.sport/Competitions/Details?Id=598a517e-d22f-4842-9525-917ceb1983ad;SUI|2001|WOLFISBERG KIRSI;WOLFISBERG Kirsi;WOLFISBERG KIRSI;SUI;0;-21 F (21);2001;Slalom;Tricks;Jump;Overall
2022;22FRA038;17 Aug 2022;St Pardoux Contest;NAT;NL;St Pardoux;https://ems.iwwf.sport/Competitions/Details?Id=b7994223-6574-46e3-9f5c-e76e7f1921d8;FRA|1988|ALFROIT MARINE;ALFROIT Marine;ALFROIT MARINE;FRA;1;Open F (34);1988;Slalom;-;-;-
2022;22FRA038;17 Aug 2022;St Pardoux Contest;NAT;NL;St Pardoux;https://ems.iwwf.sport/Competitions/Details?Id=b7994223-6574-46e3-9f5c-e76e7f1921d8;FRA|1975|GILG BENJAMIN;GILG Benjamin;GILG BENJAMIN;FRA;1;45+ M (47);1975;Slalom;-;-;-
2022;22FRA038;17 Aug 2022;St Pardoux Contest;NAT;NL;St Pardoux;https://ems.iwwf.sport/Competitions/Details?Id=b7994223-6574-46e3-9f5c-e76e7f1921d8;FRA|2008|GILG GASPARD;GILG Gaspard;GILG GASPARD;FRA;1;-14 M (14);2008;Slalom;-;-;-
2022;22FRA038;17 Aug 2022;St Pardoux Contest;NAT;NL;St Pardoux;https://ems.iwwf.sport/Competitions/Details?Id=b7994223-6574-46e3-9f5c-e76e7f1921d8;FRA|2007|MASTIO BROSSIER ALBAN;MASTIO BROSSIER Alban;MASTIO BROSSIER ALBAN;FRA;1;-17 M (15);2007;Slalom;-;-;-
2022;22FRA038;17 Aug 2022;St Pardoux Contest;NAT;NL;St Pardoux;https://ems.iwwf.sport/Competitions/Details?Id=b7994223-6574-46e3-9f5c-e76e7f1921d8;FRA|1977|MASTIO JEAN LOUIS;MASTIO Jean Louis;MASTIO JEAN LOUIS;FRA;1;35+ M (45);1977;Slalom;-;-;-
