Year;CompetitionCodeA;CompetitionNameA;CompetitionCodeB;CompetitionNameB;OpenAthletesA;OpenAthletesB;SharedOpenAthletes;UnionOpenAthletes;Jaccard
2023;23FRA001;MALIBU OPEN LACANAU;23FRA002;LE PLAN D'EAU 3D JUILLET;8;3;0;11;0.0
2023;23FRA001;MALIBU OPEN LACANAU;23FRA003;Ski Caraibes Slalom CUP 2023;8;2;0;10;0.0
2023;23FRA001;MALIBU OPEN LACANAU;23FRA004;Ski Caraibes 3D- Championnats de Ligue AURA 2023;8;2;0;10;0.0
2023;23FRA001;MALIBU OPEN LACANAU;23FRA006;Bordeaux Slalom Cup;8;5;4;9;0.4444
2023;23FRA001;MALIBU OPEN LACANAU;23FRA007;Baurech Classic;8;5;1;12;0.0833
2023;23FRA001;MALIBU OPEN LACANAU;23FRA008;AQUACUP;8;7;2;13;0.1538
2023;23FRA001;MALIBU OPEN LACANAU;23FRA010;THE FUNGLISS PRO AM;8;7;1;14;0.0714
2023;23FRA001;MALIBU OPEN LACANAU;23FRA011;Magic Cup;8;5;0;13;0.0
2023;23FRA001;MALIBU OPEN LACANAU;23FRA012;Freezing Magic Cup;8;6;0;14;0.0
2023;23FRA001;MALIBU OPEN LACANAU;23FRA013;Coupe du pays de MONTBELIARD;8;2;0;10;0.0
2023;23FRA001;MALIBU OPEN LACANAU;23FRA014;LACANAU SKI CLASSIC;8;8;3;13;0.2308
2023;23FRA001;MALIBU OPEN LACANAU;23FRA015;Vinney's Cup 23;8;1;0;9;0.0
2023;23FRA001;MALIBU OPEN LACANAU;23FRA016;Austin's Cup 23;8;2;0;10;0.0
2023;23FRA001;MALIBU OPEN LACANAU;23FRA018;Championnat de France 2023 - U21 + OPEN;8;18;7;19;0.3684
2023;23FRA001;MALIBU OPEN LACANAU;23FRA019;Coupe de Meuzac;8;8;2;14;0.1429
2023;23FRA001;MALIBU OPEN LACANAU;23FRA020;Championnat de France INTERLIGUES 2023;8;4;1;11;0.0909
2023;23FRA001;MALIBU OPEN LACANAU;23FRA024;Magic Ski Time;8;3;0;11;0.0
2023;23FRA001;MALIBU OPEN LACANAU;23FRA025;Magic Trophy;8;3;0;11;0.0
2023;23FRA001;MALIBU OPEN LACANAU;23FRA026;Viry Lake's challenge #5;8;2;0;10;0.0
2023;23FRA001;MALIBU OPEN LACANAU;23FRA027;Championnats de Ligue Ile de France;8;4;1;11;0.0909
2023;23FRA001;MALIBU OPEN LACANAU;23FRA033;Memorial M.Naudinat Ch de Ligue NAQU;8;2;1;9;0.1111
2023;23FRA001;MALIBU OPEN LACANAU;23FRA034;Championnats du Mont de Laroche;8;2;0;10;0.0
2023;23FRA001;MALIBU OPEN LACANAU;23FRA035;Championnat de ligue OCC Ski Classique;8;3;0;11;0.0
2023;23FRA002;LE PLAN D'EAU 3D JUILLET;23FRA003;Ski Caraibes Slalom CUP 2023;3;2;0;5;0.0
2023;23FRA002;LE PLAN D'EAU 3D JUILLET;23FRA004;Ski Caraibes 3D- Championnats de Ligue AURA 2023;3;2;0;5;0.0
2023;23FRA002;LE PLAN D'EAU 3D JUILLET;23FRA006;Bordeaux Slalom Cup;3;5;0;8;0.0
2023;23FRA002;LE PLAN D'EAU 3D JUILLET;23FRA007;Baurech Classic;3;5;2;6;0.3333
2023;23FRA002;LE PLAN D'EAU 3D JUILLET;23FRA008;AQUACUP;3;7;2;8;0.25
2023;23FRA002;LE PLAN D'EAU 3D JUILLET;23FRA010;THE FUNGLISS PRO AM;3;7;2;8;0.25
2023;23FRA002;LE PLAN D'EAU 3D JUILLET;23FRA011;Magic Cup;3;5;2;6;0.3333
2023;23FRA002;LE PLAN D'EAU 3D JUILLET;23FRA012;Freezing Magic Cup;3;6;2;7;0.2857
2023;23FRA002;LE PLAN D'EAU 3D JUILLET;23FRA013;Coupe du pays de MONTBELIARD;3;2;0;5;0.0
2023;23FRA002;LE PLAN D'EAU 3D JUILLET;23FRA014;LACANAU SKI CLASSIC;3;8;2;9;0.2222
2023;23FRA002;LE PLAN D'EAU 3D JUILLET;23FRA015;Vinney's Cup 23;3;1;1;3;0.3333
2023;23FRA002;LE PLAN D'EAU 3D JUILLET;23FRA016;Austin's Cup 23;3;2;0;5;0.0
2023;23FRA002;LE PLAN D'EAU 3D JUILLET;23FRA018;Championnat de France 2023 - U21 + OPEN;3;18;3;18;0.1667
2023;23FRA002;LE PLAN D'EAU 3D JUILLET;23FRA019;Coupe de Meuzac;3;8;2;9;0.2222
2023;23FRA002;LE PLAN D'EAU 3D JUILLET;23FRA020;Championnat de France INTERLIGUES 2023;3;4;0;7;0.0
2023;23FRA002;LE PLAN D'EAU 3D JUILLET;23FRA024;Magic Ski Time;3;3;2;4;0.5
2023;23FRA002;LE PLAN D'EAU 3D JUILLET;23FRA025;Magic Trophy;3;3;0;6;0.0
2023;23FRA002;LE PLAN D'EAU 3D JUILLET;23FRA026;Viry Lake's challenge #5;3;2;0;5;0.0
2023;23FRA002;LE PLAN D'EAU 3D JUILLET;23FRA027;Championnats de Ligue Ile de France;3;4;2;5;0.4
2023;23FRA002;LE PLAN D'EAU 3D JUILLET;23FRA033;Memorial M.Naudinat Ch de Ligue NAQU;3;2;0;5;0.0
2023;23FRA002;LE PLAN D'EAU 3D JUILLET;23FRA034;Championnats du Mont de Laroche;3;2;0;5;0.0
2023;23FRA002;LE PLAN D'EAU 3D JUILLET;23FRA035;Championnat de ligue OCC Ski Classique;3;3;0;6;0.0
2023;23FRA003;Ski Caraibes Slalom CUP 2023;23FRA004;Ski Caraibes 3D- Championnats de Ligue AURA 2023;2;2;1;3;0.3333
2023;23FRA003;Ski Caraibes Slalom CUP 2023;23FRA006;Bordeaux Slalom Cup;2;5;0;7;0.0
2023;23FRA003;Ski Caraibes Slalom CUP 2023;23FRA007;Baurech Classic;2;5;0;7;0.0
2023;23FRA003;Ski Caraibes Slalom CUP 2023;23FRA008;AQUACUP;2;7;0;9;0.0
2023;23FRA003;Ski Caraibes Slalom CUP 2023;23FRA010;THE FUNGLISS PRO AM;2;7;0;9;0.0
2023;23FRA003;Ski Caraibes Slalom CUP 2023;23FRA011;Magic Cup;2;5;0;7;0.0
2023;23FRA003;Ski Caraibes Slalom CUP 2023;23FRA012;Freezing Magic Cup;2;6;0;8;0.0
2023;23FRA003;Ski Caraibes Slalom CUP 2023;23FRA013;Coupe du pays de MONTBELIARD;2;2;0;4;0.0
2023;23FRA003;Ski Caraibes Slalom CUP 2023;23FRA014;LACANAU SKI CLASSIC;2;8;0;10;0.0
2023;23FRA003;Ski Caraibes Slalom CUP 2023;23FRA015;Vinney's Cup 23;2;1;0;3;0.0
2023;23FRA003;Ski Caraibes Slalom CUP 2023;23FRA016;Austin's Cup 23;2;2;0;4;0.0
2023;23FRA003;Ski Caraibes Slalom CUP 2023;23FRA018;Championnat de France 2023 - U21 + OPEN;2;18;0;20;0.0
2023;23FRA003;Ski Caraibes Slalom CUP 2023;23FRA019;Coupe de Meuzac;2;8;1;9;0.1111
2023;23FRA003;Ski Caraibes Slalom CUP 2023;23FRA020;Championnat de France INTERLIGUES 2023;2;4;0;6;0.0
2023;23FRA003;Ski Caraibes Slalom CUP 2023;23FRA024;Magic Ski Time;2;3;0;5;0.0
2023;23FRA003;Ski Caraibes Slalom CUP 2023;23FRA025;Magic Trophy;2;3;0;5;0.0
2023;23FRA003;Ski Caraibes Slalom CUP 2023;23FRA026;Viry Lake's challenge #5;2;2;0;4;0.0
2023;23FRA003;Ski Caraibes Slalom CUP 2023;23FRA027;Championnats de Ligue Ile de France;2;4;0;6;0.0
2023;23FRA003;Ski Caraibes Slalom CUP 2023;23FRA033;Memorial M.Naudinat Ch de Ligue NAQU;2;2;0;4;0.0
2023;23FRA003;Ski Caraibes Slalom CUP 2023;23FRA034;Championnats du Mont de Laroche;2;2;0;4;0.0
2023;23FRA003;Ski Caraibes Slalom CUP 2023;23FRA035;Championnat de ligue OCC Ski Classique;2;3;0;5;0.0
2023;23FRA004;Ski Caraibes 3D- Championnats de Ligue AURA 2023;23FRA006;Bordeaux Slalom Cup;2;5;0;7;0.0
2023;23FRA004;Ski Caraibes 3D- Championnats de Ligue AURA 2023;23FRA007;Baurech Classic;2;5;0;7;0.0
2023;23FRA004;Ski Caraibes 3D- Championnats de Ligue AURA 2023;23FRA008;AQUACUP;2;7;0;9;0.0
2023;23FRA004;Ski Caraibes 3D- Championnats de Ligue AURA 2023;23FRA010;THE FUNGLISS PRO AM;2;7;0;9;0.0
2023;23FRA004;Ski Caraibes 3D- Championnats de Ligue AURA 2023;23FRA011;Magic Cup;2;5;0;7;0.0
2023;23FRA004;Ski Caraibes 3D- Championnats de Ligue AURA 2023;23FRA012;Freezing Magic Cup;2;6;0;8;0.0
2023;23FRA004;Ski Caraibes 3D- Championnats de Ligue AURA 2023;23FRA013;Coupe du pays de MONTBELIARD;2;2;0;4;0.0
2023;23FRA004;Ski Caraibes 3D- Championnats de Ligue AURA 2023;23FRA014;LACANAU SKI CLASSIC;2;8;0;10;0.0
2023;23FRA004;Ski Caraibes 3D- Championnats de Ligue AURA 2023;23FRA015;Vinney's Cup 23;2;1;0;3;0.0
2023;23FRA004;Ski Caraibes 3D- Championnats de Ligue AURA 2023;23FRA016;Austin's Cup 23;2;2;0;4;0.0
2023;23FRA004;Ski Caraibes 3D- Championnats de Ligue AURA 2023;23FRA018;Championnat de France 2023 - U21 + OPEN;2;18;1;19;0.0526
2023;23FRA004;Ski Caraibes 3D- Championnats de Ligue AURA 2023;23FRA019;Coupe de Meuzac;2;8;0;10;0.0
2023;23FRA004;Ski Caraibes 3D- Championnats de Ligue AURA 2023;23FRA020;Championnat de France INTERLIGUES 2023;2;4;0;6;0.0
2023;23FRA004;Ski Caraibes 3D- Championnats de Ligue AURA 2023;23FRA024;Magic Ski Time;2;3;0;5;0.0
2023;23FRA004;Ski Caraibes 3D- Championnats de Ligue AURA 2023;23FRA025;Magic Trophy;2;3;0;5;0.0
2023;23FRA004;Ski Caraibes 3D- Championnats de Ligue AURA 2023;23FRA026;Viry Lake's challenge #5;2;2;0;4;0.0
2023;23FRA004;Ski Caraibes 3D- Championnats de Ligue AURA 2023;23FRA027;Championnats de Ligue Ile de France;2;4;0;6;0.0
2023;23FRA004;Ski Caraibes 3D- Championnats de Ligue AURA 2023;23FRA033;Memorial M.Naudinat Ch de Ligue NAQU;2;2;0;4;0.0
2023;23FRA004;Ski Caraibes 3D- Championnats de Ligue AURA 2023;23FRA034;Championnats du Mont de Laroche;2;2;0;4;0.0
2023;23FRA004;Ski Caraibes 3D- Championnats de Ligue AURA 2023;23FRA035;Championnat de ligue OCC Ski Classique;2;3;0;5;0.0
2023;23FRA006;Bordeaux Slalom Cup;23FRA007;Baurech Classic;5;5;1;9;0.1111
2023;23FRA006;Bordeaux Slalom Cup;23FRA008;AQUACUP;5;7;2;10;0.2
2023;23FRA006;Bordeaux Slalom Cup;23FRA010;THE FUNGLISS PRO AM;5;7;0;12;0.0
2023;23FRA006;Bordeaux Slalom Cup;23FRA011;Magic Cup;5;5;0;10;0.0
2023;23FRA006;Bordeaux Slalom Cup;23FRA012;Freezing Magic Cup;5;6;0;11;0.0
2023;23FRA006;Bordeaux Slalom Cup;23FRA013;Coupe du pays de MONTBELIARD;5;2;0;7;0.0
2023;23FRA006;Bordeaux Slalom Cup;23FRA014;LACANAU SKI CLASSIC;5;8;2;11;0.1818
2023;23FRA006;Bordeaux Slalom Cup;23FRA015;Vinney's Cup 23;5;1;0;6;0.0
2023;23FRA006;Bordeaux Slalom Cup;23FRA016;Austin's Cup 23;5;2;0;7;0.0
2023;23FRA006;Bordeaux Slalom Cup;23FRA018;Championnat de France 2023 - U21 + OPEN;5;18;3;20;0.15
2023;23FRA006;Bordeaux Slalom Cup;23FRA019;Coupe de Meuzac;5;8;1;12;0.0833
2023;23FRA006;Bordeaux Slalom Cup;23FRA020;Championnat de France INTERLIGUES 2023;5;4;1;8;0.125
2023;23FRA006;Bordeaux Slalom Cup;23FRA024;Magic Ski Time;5;3;0;8;0.0
2023;23FRA006;Bordeaux Slalom Cup;23FRA025;Magic Trophy;5;3;0;8;0.0
2023;23FRA006;Bordeaux Slalom Cup;23FRA026;Viry Lake's challenge #5;5;2;0;7;0.0
2023;23FRA006;Bordeaux Slalom Cup;23FRA027;Championnats de Ligue Ile de France;5;4;1;8;0.125
2023;23FRA006;Bordeaux Slalom Cup;23FRA033;Memorial M.Naudinat Ch de Ligue NAQU;5;2;1;6;0.1667
2023;23FRA006;Bordeaux Slalom Cup;23FRA034;Championnats du Mont de Laroche;5;2;0;7;0.0
2023;23FRA006;Bordeaux Slalom Cup;23FRA035;Championnat de ligue OCC Ski Classique;5;3;0;8;0.0
2023;23FRA007;Baurech Classic;23FRA008;AQUACUP;5;7;3;9;0.3333
2023;23FRA007;Baurech Classic;23FRA010;THE FUNGLISS PRO AM;5;7;2;10;0.2
2023;23FRA007;Baurech Classic;23FRA011;Magic Cup;5;5;3;7;0.4286
2023;23FRA007;Baurech Classic;23FRA012;Freezing Magic Cup;5;6;3;8;0.375
2023;23FRA007;Baurech Classic;23FRA013;Coupe du pays de MONTBELIARD;5;2;0;7;0.0
2023;23FRA007;Baurech Classic;23FRA014;LACANAU SKI CLASSIC;5;8;4;9;0.4444
2023;23FRA007;Baurech Classic;23FRA015;Vinney's Cup 23;5;1;0;6;0.0
2023;23FRA007;Baurech Classic;23FRA016;Austin's Cup 23;5;2;0;7;0.0
2023;23FRA007;Baurech Classic;23FRA018;Championnat de France 2023 - U21 + OPEN;5;18;4;19;0.2105
2023;23FRA007;Baurech Classic;23FRA019;Coupe de Meuzac;5;8;2;11;0.1818
2023;23FRA007;Baurech Classic;23FRA020;Championnat de France INTERLIGUES 2023;5;4;1;8;0.125
2023;23FRA007;Baurech Classic;23FRA024;Magic Ski Time;5;3;2;6;0.3333
2023;23FRA007;Baurech Classic;23FRA025;Magic Trophy;5;3;1;7;0.1429
2023;23FRA007;Baurech Classic;23FRA026;Viry Lake's challenge #5;5;2;0;7;0.0
2023;23FRA007;Baurech Classic;23FRA027;Championnats de Ligue Ile de France;5;4;2;7;0.2857
2023;23FRA007;Baurech Classic;23FRA033;Memorial M.Naudinat Ch de Ligue NAQU;5;2;0;7;0.0
2023;23FRA007;Baurech Classic;23FRA034;Championnats du Mont de Laroche;5;2;0;7;0.0
2023;23FRA007;Baurech Classic;23FRA035;Championnat de ligue OCC Ski Classique;5;3;0;8;0.0
2023;23FRA008;AQUACUP;23FRA010;THE FUNGLISS PRO AM;7;7;3;11;0.2727
2023;23FRA008;AQUACUP;23FRA011;Magic Cup;7;5;4;8;0.5
2023;23FRA008;AQUACUP;23FRA012;Freezing Magic Cup;7;6;4;9;0.4444
2023;23FRA008;AQUACUP;23FRA013;Coupe du pays de MONTBELIARD;7;2;0;9;0.0
2023;23FRA008;AQUACUP;23FRA014;LACANAU SKI CLASSIC;7;8;4;11;0.3636
2023;23FRA008;AQUACUP;23FRA015;Vinney's Cup 23;7;1;0;8;0.0
2023;23FRA008;AQUACUP;23FRA016;Austin's Cup 23;7;2;0;9;0.0
2023;23FRA008;AQUACUP;23FRA018;Championnat de France 2023 - U21 + OPEN;7;18;4;21;0.1905
2023;23FRA008;AQUACUP;23FRA019;Coupe de Meuzac;7;8;3;12;0.25
2023;23FRA008;AQUACUP;23FRA020;Championnat de France INTERLIGUES 2023;7;4;1;10;0.1
2023;23FRA008;AQUACUP;23FRA024;Magic Ski Time;7;3;2;8;0.25
2023;23FRA008;AQUACUP;23FRA025;Magic Trophy;7;3;0;10;0.0
2023;23FRA008;AQUACUP;23FRA026;Viry Lake's challenge #5;7;2;0;9;0.0
2023;23FRA008;AQUACUP;23FRA027;Championnats de Ligue Ile de France;7;4;2;9;0.2222
2023;23FRA008;AQUACUP;23FRA033;Memorial M.Naudinat Ch de Ligue NAQU;7;2;1;8;0.125
2023;23FRA008;AQUACUP;23FRA034;Championnats du Mont de Laroche;7;2;0;9;0.0
2023;23FRA008;AQUACUP;23FRA035;Championnat de ligue OCC Ski Classique;7;3;0;10;0.0
2023;23FRA010;THE FUNGLISS PRO AM;23FRA011;Magic Cup;7;5;3;9;0.3333
2023;23FRA010;THE FUNGLISS PRO AM;23FRA012;Freezing Magic Cup;7;6;3;10;0.3
2023;23FRA010;THE FUNGLISS PRO AM;23FRA013;Coupe du pays de MONTBELIARD;7;2;0;9;0.0
2023;23FRA010;THE FUNGLISS PRO AM;23FRA014;LACANAU SKI CLASSIC;7;8;2;13;0.1538
2023;23FRA010;THE FUNGLISS PRO AM;23FRA015;Vinney's Cup 23;7;1;0;8;0.0
2023;23FRA010;THE FUNGLISS PRO AM;23FRA016;Austin's Cup 23;7;2;1;8;0.125
2023;23FRA010;THE FUNGLISS PRO AM;23FRA018;Championnat de France 2023 - U21 + OPEN;7;18;5;20;0.25
2023;23FRA010;THE FUNGLISS PRO AM;23FRA019;Coupe de Meuzac;7;8;2;13;0.1538
2023;23FRA010;THE FUNGLISS PRO AM;23FRA020;Championnat de France INTERLIGUES 2023;7;4;0;11;0.0
2023;23FRA010;THE FUNGLISS PRO AM;23FRA024;Magic Ski Time;7;3;2;8;0.25
2023;23FRA010;THE FUNGLISS PRO AM;23FRA025;Magic Trophy;7;3;0;10;0.0
2023;23FRA010;THE FUNGLISS PRO AM;23FRA026;Viry Lake's challenge #5;7;2;0;9;0.0
2023;23FRA010;THE FUNGLISS PRO AM;23FRA027;Championnats de Ligue Ile de France;7;4;2;9;0.2222
2023;23FRA010;THE FUNGLISS PRO AM;23FRA033;Memorial M.Naudinat Ch de Ligue NAQU;7;2;0;9;0.0
2023;23FRA010;THE FUNGLISS PRO AM;23FRA034;Championnats du Mont de Laroche;7;2;0;9;0.0
2023;23FRA010;THE FUNGLISS PRO AM;23FRA035;Championnat de ligue OCC Ski Classique;7;3;0;10;0.0
2023;23FRA011;Magic Cup;23FRA012;Freezing Magic Cup;5;6;5;6;0.8333
2023;23FRA011;Magic Cup;23FRA013;Coupe du pays de MONTBELIARD;5;2;0;7;0.0
2023;23FRA011;Magic Cup;23FRA014;LACANAU SKI CLASSIC;5;8;2;11;0.1818
2023;23FRA011;Magic Cup;23FRA015;Vinney's Cup 23;5;1;0;6;0.0
2023;23FRA011;Magic Cup;23FRA016;Austin's Cup 23;5;2;0;7;0.0
2023;23FRA011;Magic Cup;23FRA018;Championnat de France 2023 - U21 + OPEN;5;18;2;21;0.0952
2023;23FRA011;Magic Cup;23FRA019;Coupe de Meuzac;5;8;2;11;0.1818
2023;23FRA011;Magic Cup;23FRA020;Championnat de France INTERLIGUES 2023;5;4;0;9;0.0
2023;23FRA011;Magic Cup;23FRA024;Magic Ski Time;5;3;2;6;0.3333
2023;23FRA011;Magic Cup;23FRA025;Magic Trophy;5;3;0;8;0.0
2023;23FRA011;Magic Cup;23FRA026;Viry Lake's challenge #5;5;2;0;7;0.0
2023;23FRA011;Magic Cup;23FRA027;Championnats de Ligue Ile de France;5;4;2;7;0.2857
2023;23FRA011;Magic Cup;23FRA033;Memorial M.Naudinat Ch de Ligue NAQU;5;2;0;7;0.0
2023;23FRA011;Magic Cup;23FRA034;Championnats du Mont de Laroche;5;2;0;7;0.0
2023;23FRA011;Magic Cup;23FRA035;Championnat de ligue OCC Ski Classique;5;3;0;8;0.0
2023;23FRA012;Freezing Magic Cup;23FRA013;Coupe du pays de MONTBELIARD;6;2;0;8;0.0
2023;23FRA012;Freezing Magic Cup;23FRA014;LACANAU SKI CLASSIC;6;8;2;12;0.1667
2023;23FRA012;Freezing Magic Cup;23FRA015;Vinney's Cup 23;6;1;0;7;0.0
2023;23FRA012;Freezing Magic Cup;23FRA016;Austin's Cup 23;6;2;0;8;0.0
2023;23FRA012;Freezing Magic Cup;23FRA018;Championnat de France 2023 - U21 + OPEN;6;18;2;22;0.0909
2023;23FRA012;Freezing Magic Cup;23FRA019;Coupe de Meuzac;6;8;2;12;0.1667
2023;23FRA012;Freezing Magic Cup;23FRA020;Championnat de France INTERLIGUES 2023;6;4;0;10;0.0
2023;23FRA012;Freezing Magic Cup;23FRA024;Magic Ski Time;6;3;3;6;0.5
2023;23FRA012;Freezing Magic Cup;23FRA025;Magic Trophy;6;3;1;8;0.125
2023;23FRA012;Freezing Magic Cup;23FRA026;Viry Lake's challenge #5;6;2;0;8;0.0
2023;23FRA012;Freezing Magic Cup;23FRA027;Championnats de Ligue Ile de France;6;4;2;8;0.25
2023;23FRA012;Freezing Magic Cup;23FRA033;Memorial M.Naudinat Ch de Ligue NAQU;6;2;0;8;0.0
2023;23FRA012;Freezing Magic Cup;23FRA034;Championnats du Mont de Laroche;6;2;0;8;0.0
2023;23FRA012;Freezing Magic Cup;23FRA035;Championnat de ligue OCC Ski Classique;6;3;0;9;0.0
2023;23FRA013;Coupe du pays de MONTBELIARD;23FRA014;LACANAU SKI CLASSIC;2;8;0;10;0.0
2023;23FRA013;Coupe du pays de MONTBELIARD;23FRA015;Vinney's Cup 23;2;1;0;3;0.0
2023;23FRA013;Coupe du pays de MONTBELIARD;23FRA016;Austin's Cup 23;2;2;0;4;0.0
2023;23FRA013;Coupe du pays de MONTBELIARD;23FRA018;Championnat de France 2023 - U21 + OPEN;2;18;0;20;0.0
2023;23FRA013;Coupe du pays de MONTBELIARD;23FRA019;Coupe de Meuzac;2;8;0;10;0.0
2023;23FRA013;Coupe du pays de MONTBELIARD;23FRA020;Championnat de France INTERLIGUES 2023;2;4;0;6;0.0
2023;23FRA013;Coupe du pays de MONTBELIARD;23FRA024;Magic Ski Time;2;3;0;5;0.0
2023;23FRA013;Coupe du pays de MONTBELIARD;23FRA025;Magic Trophy;2;3;0;5;0.0
2023;23FRA013;Coupe du pays de MONTBELIARD;23FRA026;Viry Lake's challenge #5;2;2;0;4;0.0
2023;23FRA013;Coupe du pays de MONTBELIARD;23FRA027;Championnats de Ligue Ile de France;2;4;0;6;0.0
2023;23FRA013;Coupe du pays de MONTBELIARD;23FRA033;Memorial M.Naudinat Ch de Ligue NAQU;2;2;0;4;0.0
2023;23FRA013;Coupe du pays de MONTBELIARD;23FRA034;Championnats du Mont de Laroche;2;2;2;2;1.0
2023;23FRA013;Coupe du pays de MONTBELIARD;23FRA035;Championnat de ligue OCC Ski Classique;2;3;0;5;0.0
2023;23FRA014;LACANAU SKI CLASSIC;23FRA015;Vinney's Cup 23;8;1;0;9;0.0
2023;23FRA014;LACANAU SKI CLASSIC;23FRA016;Austin's Cup 23;8;2;0;10;0.0
2023;23FRA014;LACANAU SKI CLASSIC;23FRA018;Championnat de France 2023 - U21 + OPEN;8;18;6;20;0.3
2023;23FRA014;LACANAU SKI CLASSIC;23FRA019;Coupe de Meuzac;8;8;4;12;0.3333
2023;23FRA014;LACANAU SKI CLASSIC;23FRA020;Championnat de France INTERLIGUES 2023;8;4;1;11;0.0909
2023;23FRA014;LACANAU SKI CLASSIC;23FRA024;Magic Ski Time;8;3;2;9;0.2222
2023;23FRA014;LACANAU SKI CLASSIC;23FRA025;Magic Trophy;8;3;1;10;0.1
2023;23FRA014;LACANAU SKI CLASSIC;23FRA026;Viry Lake's challenge #5;8;2;0;10;0.0
2023;23FRA014;LACANAU SKI CLASSIC;23FRA027;Championnats de Ligue Ile de France;8;4;2;10;0.2
2023;23FRA014;LACANAU SKI CLASSIC;23FRA033;Memorial M.Naudinat Ch de Ligue NAQU;8;2;1;9;0.1111
2023;23FRA014;LACANAU SKI CLASSIC;23FRA034;Championnats du Mont de Laroche;8;2;0;10;0.0
2023;23FRA014;LACANAU SKI CLASSIC;23FRA035;Championnat de ligue OCC Ski Classique;8;3;0;11;0.0
2023;23FRA015;Vinney's Cup 23;23FRA016;Austin's Cup 23;1;2;0;3;0.0
2023;23FRA015;Vinney's Cup 23;23FRA018;Championnat de France 2023 - U21 + OPEN;1;18;1;18;0.0556
2023;23FRA015;Vinney's Cup 23;23FRA019;Coupe de Meuzac;1;8;0;9;0.0
2023;23FRA015;Vinney's Cup 23;23FRA020;Championnat de France INTERLIGUES 2023;1;4;0;5;0.0
2023;23FRA015;Vinney's Cup 23;23FRA024;Magic Ski Time;1;3;0;4;0.0
2023;23FRA015;Vinney's Cup 23;23FRA025;Magic Trophy;1;3;0;4;0.0
2023;23FRA015;Vinney's Cup 23;23FRA026;Viry Lake's challenge #5;1;2;0;3;0.0
2023;23FRA015;Vinney's Cup 23;23FRA027;Championnats de Ligue Ile de France;1;4;0;5;0.0
2023;23FRA015;Vinney's Cup 23;23FRA033;Memorial M.Naudinat Ch de Ligue NAQU;1;2;0;3;0.0
2023;23FRA015;Vinney's Cup 23;23FRA034;Championnats du Mont de Laroche;1;2;0;3;0.0
2023;23FRA015;Vinney's Cup 23;23FRA035;Championnat de ligue OCC Ski Classique;1;3;0;4;0.0
2023;23FRA016;Austin's Cup 23;23FRA018;Championnat de France 2023 - U21 + OPEN;2;18;2;18;0.1111
2023;23FRA016;Austin's Cup 23;23FRA019;Coupe de Meuzac;2;8;0;10;0.0
2023;23FRA016;Austin's Cup 23;23FRA020;Championnat de France INTERLIGUES 2023;2;4;0;6;0.0
2023;23FRA016;Austin's Cup 23;23FRA024;Magic Ski Time;2;3;0;5;0.0
2023;23FRA016;Austin's Cup 23;23FRA025;Magic Trophy;2;3;0;5;0.0
2023;23FRA016;Austin's Cup 23;23FRA026;Viry Lake's challenge #5;2;2;0;4;0.0
2023;23FRA016;Austin's Cup 23;23FRA027;Championnats de Ligue Ile de France;2;4;0;6;0.0
2023;23FRA016;Austin's Cup 23;23FRA033;Memorial M.Naudinat Ch de Ligue NAQU;2;2;0;4;0.0
2023;23FRA016;Austin's Cup 23;23FRA034;Championnats du Mont de Laroche;2;2;0;4;0.0
2023;23FRA016;Austin's Cup 23;23FRA035;Championnat de ligue OCC Ski Classique;2;3;0;5;0.0
2023;23FRA018;Championnat de France 2023 - U21 + OPEN;23FRA019;Coupe de Meuzac;18;8;4;22;0.1818
2023;23FRA018;Championnat de France 2023 - U21 + OPEN;23FRA020;Championnat de France INTERLIGUES 2023;18;4;1;21;0.0476
2023;23FRA018;Championnat de France 2023 - U21 + OPEN;23FRA024;Magic Ski Time;18;3;2;19;0.1053
2023;23FRA018;Championnat de France 2023 - U21 + OPEN;23FRA025;Magic Trophy;18;3;2;19;0.1053
2023;23FRA018;Championnat de France 2023 - U21 + OPEN;23FRA026;Viry Lake's challenge #5;18;2;0;20;0.0
2023;23FRA018;Championnat de France 2023 - U21 + OPEN;23FRA027;Championnats de Ligue Ile de France;18;4;3;19;0.1579
2023;23FRA018;Championnat de France 2023 - U21 + OPEN;23FRA033;Memorial M.Naudinat Ch de Ligue NAQU;18;2;1;19;0.0526
2023;23FRA018;Championnat de France 2023 - U21 + OPEN;23FRA034;Championnats du Mont de Laroche;18;2;0;20;0.0
2023;23FRA018;Championnat de France 2023 - U21 + OPEN;23FRA035;Championnat de ligue OCC Ski Classique;18;3;0;21;0.0
2023;23FRA019;Coupe de Meuzac;23FRA020;Championnat de France INTERLIGUES 2023;8;4;0;12;0.0
2023;23FRA019;Coupe de Meuzac;23FRA024;Magic Ski Time;8;3;2;9;0.2222
2023;23FRA019;Coupe de Meuzac;23FRA025;Magic Trophy;8;3;0;11;0.0
2023;23FRA019;Coupe de Meuzac;23FRA026;Viry Lake's challenge #5;8;2;0;10;0.0
2023;23FRA019;Coupe de Meuzac;23FRA027;Championnats de Ligue Ile de France;8;4;2;10;0.2
2023;23FRA019;Coupe de Meuzac;23FRA033;Memorial M.Naudinat Ch de Ligue NAQU;8;2;2;8;0.25
2023;23FRA019;Coupe de Meuzac;23FRA034;Championnats du Mont de Laroche;8;2;0;10;0.0
2023;23FRA019;Coupe de Meuzac;23FRA035;Championnat de ligue OCC Ski Classique;8;3;0;11;0.0
2023;23FRA020;Championnat de France INTERLIGUES 2023;23FRA024;Magic Ski Time;4;3;0;7;0.0
2023;23FRA020;Championnat de France INTERLIGUES 2023;23FRA025;Magic Trophy;4;3;0;7;0.0
2023;23FRA020;Championnat de France INTERLIGUES 2023;23FRA026;Viry Lake's challenge #5;4;2;0;6;0.0
2023;23FRA020;Championnat de France INTERLIGUES 2023;23FRA027;Championnats de Ligue Ile de France;4;4;0;8;0.0
2023;23FRA020;Championnat de France INTERLIGUES 2023;23FRA033;Memorial M.Naudinat Ch de Ligue NAQU;4;2;0;6;0.0
2023;23FRA020;Championnat de France INTERLIGUES 2023;23FRA034;Championnats du Mont de Laroche;4;2;0;6;0.0
2023;23FRA020;Championnat de France INTERLIGUES 2023;23FRA035;Championnat de ligue OCC Ski Classique;4;3;2;5;0.4
2023;23FRA024;Magic Ski Time;23FRA025;Magic Trophy;3;3;1;5;0.2
2023;23FRA024;Magic Ski Time;23FRA026;Viry Lake's challenge #5;3;2;0;5;0.0
2023;23FRA024;Magic Ski Time;23FRA027;Championnats de Ligue Ile de France;3;4;2;5;0.4
2023;23FRA024;Magic Ski Time;23FRA033;Memorial M.Naudinat Ch de Ligue NAQU;3;2;0;5;0.0
2023;23FRA024;Magic Ski Time;23FRA034;Championnats du Mont de Laroche;3;2;0;5;0.0
2023;23FRA024;Magic Ski Time;23FRA035;Championnat de ligue OCC Ski Classique;3;3;0;6;0.0
2023;23FRA025;Magic Trophy;23FRA026;Viry Lake's challenge #5;3;2;0;5;0.0
2023;23FRA025;Magic Trophy;23FRA027;Championnats de Ligue Ile de France;3;4;0;7;0.0
2023;23FRA025;Magic Trophy;23FRA033;Memorial M.Naudinat Ch de Ligue NAQU;3;2;0;5;0.0
2023;23FRA025;Magic Trophy;23FRA034;Championnats du Mont de Laroche;3;2;0;5;0.0
2023;23FRA025;Magic Trophy;23FRA035;Championnat de ligue OCC Ski Classique;3;3;0;6;0.0
2023;23FRA026;Viry Lake's challenge #5;23FRA027;Championnats de Ligue Ile de France;2;4;1;5;0.2
2023;23FRA026;Viry Lake's challenge #5;23FRA033;Memorial M.Naudinat Ch de Ligue NAQU;2;2;0;4;0.0
2023;23FRA026;Viry Lake's challenge #5;23FRA034;Championnats du Mont de Laroche;2;2;0;4;0.0
2023;23FRA026;Viry Lake's challenge #5;23FRA035;Championnat de ligue OCC Ski Classique;2;3;0;5;0.0
2023;23FRA027;Championnats de Ligue Ile de France;23FRA033;Memorial M.Naudinat Ch de Ligue NAQU;4;2;0;6;0.0
2023;23FRA027;Championnats de Ligue Ile de France;23FRA034;Championnats du Mont de Laroche;4;2;0;6;0.0
2023;23FRA027;Championnats de Ligue Ile de France;23FRA035;Championnat de ligue OCC Ski Classique;4;3;0;7;0.0
2023;23FRA033;Memorial M.Naudinat Ch de Ligue NAQU;23FRA034;Championnats du Mont de Laroche;2;2;0;4;0.0
2023;23FRA033;Memorial M.Naudinat Ch de Ligue NAQU;23FRA035;Championnat de ligue OCC Ski Classique;2;3;0;5;0.0
2023;23FRA034;Championnats du Mont de Laroche;23FRA035;Championnat de ligue OCC Ski Classique;2;3;0;5;0.0
2024;24FRA001;The Fungliss Pro Am;24FRA002;Viry Lake's challenge #6;2;2;0;4;0.0
2024;24FRA001;The Fungliss Pro Am;24FRA003;Frozen Magic JG;2;6;0;8;0.0
2024;24FRA001;The Fungliss Pro Am;24FRA004;Magic Cup;2;4;0;6;0.0
2024;24FRA001;The Fungliss Pro Am;24FRA005;LE PLAN D'EAU 3D JUIN;2;6;0;8;0.0
2024;24FRA001;The Fungliss Pro Am;24FRA007;Ski Caraibes SLALOM CUP 2024;2;1;0;3;0.0
2024;24FRA001;The Fungliss Pro Am;24FRA008;Grand Prix de Marcillac - Championnat de Ligue NAQUA;2;6;0;8;0.0
2024;24FRA001;The Fungliss Pro Am;24FRA009;BORDEAUX SLALOM CUP;2;6;0;8;0.0
2024;24FRA001;The Fungliss Pro Am;24FRA010;BAURECH CLASSIC;2;3;0;5;0.0
2024;24FRA001;The Fungliss Pro Am;24FRA012;Championnat Ligue Grand Est et Coupe Richard Odin;2;2;0;4;0.0
2024;24FRA001;The Fungliss Pro Am;24FRA013;Championnats de ligue BFC;2;5;0;7;0.0
2024;24FRA001;The Fungliss Pro Am;24FRA016;Coupe de Meuzac;2;8;0;10;0.0
2024;24FRA001;The Fungliss Pro Am;24FRA017;Coupe du pays de Montbéliard;2;2;0;4;0.0
2024;24FRA001;The Fungliss Pro Am;24FRA018;LACANAU SKI CLASSIC 3D;2;10;0;12;0.0
2024;24FRA001;The Fungliss Pro Am;24FRA019;PITROT 1 DAY;2;5;0;7;0.0
2024;24FRA001;The Fungliss Pro Am;24FRA021;Tours 3D event;2;2;0;4;0.0
2024;24FRA001;The Fungliss Pro Am;24FRA023;Vinney's Cup 24;2;1;0;3;0.0
2024;24FRA001;The Fungliss Pro Am;24FRA024;Austin's Cup 24;2;3;0;5;0.0
2024;24FRA001;The Fungliss Pro Am;24FRA027;Championnat de France U21 + OPEN;2;16;2;16;0.125
2024;24FRA001;The Fungliss Pro Am;24FRA028;Ezylake's cup;2;3;0;5;0.0
2024;24FRA001;The Fungliss Pro Am;24FRA029;Biggie's international;2;2;0;4;0.0
2024;24FRA001;The Fungliss Pro Am;24FRA030;Magic Ski Time;2;5;0;7;0.0
2024;24FRA001;The Fungliss Pro Am;24FRA031;Magic Trophy;2;7;0;9;0.0
2024;24FRA001;The Fungliss Pro Am;24FRA036;Magic Challenge;2;5;0;7;0.0
2024;24FRA001;The Fungliss Pro Am;24FRA039;LE PLAN D'EAU 3D;2;4;0;6;0.0
2024;24FRA002;Viry Lake's challenge #6;24FRA003;Frozen Magic JG;2;6;0;8;0.0
2024;24FRA002;Viry Lake's challenge #6;24FRA004;Magic Cup;2;4;0;6;0.0
2024;24FRA002;Viry Lake's challenge #6;24FRA005;LE PLAN D'EAU 3D JUIN;2;6;0;8;0.0
2024;24FRA002;Viry Lake's challenge #6;24FRA007;Ski Caraibes SLALOM CUP 2024;2;1;0;3;0.0
2024;24FRA002;Viry Lake's challenge #6;24FRA008;Grand Prix de Marcillac - Championnat de Ligue NAQUA;2;6;0;8;0.0
2024;24FRA002;Viry Lake's challenge #6;24FRA009;BORDEAUX SLALOM CUP;2;6;0;8;0.0
2024;24FRA002;Viry Lake's challenge #6;24FRA010;BAURECH CLASSIC;2;3;0;5;0.0
2024;24FRA002;Viry Lake's challenge #6;24FRA012;Championnat Ligue Grand Est et Coupe Richard Odin;2;2;0;4;0.0
2024;24FRA002;Viry Lake's challenge #6;24FRA013;Championnats de ligue BFC;2;5;0;7;0.0
2024;24FRA002;Viry Lake's challenge #6;24FRA016;Coupe de Meuzac;2;8;0;10;0.0
2024;24FRA002;Viry Lake's challenge #6;24FRA017;Coupe du pays de Montbéliard;2;2;0;4;0.0
2024;24FRA002;Viry Lake's challenge #6;24FRA018;LACANAU SKI CLASSIC 3D;2;10;0;12;0.0
2024;24FRA002;Viry Lake's challenge #6;24FRA019;PITROT 1 DAY;2;5;0;7;0.0
2024;24FRA002;Viry Lake's challenge #6;24FRA021;Tours 3D event;2;2;0;4;0.0
2024;24FRA002;Viry Lake's challenge #6;24FRA023;Vinney's Cup 24;2;1;0;3;0.0
2024;24FRA002;Viry Lake's challenge #6;24FRA024;Austin's Cup 24;2;3;0;5;0.0
2024;24FRA002;Viry Lake's challenge #6;24FRA027;Championnat de France U21 + OPEN;2;16;0;18;0.0
2024;24FRA002;Viry Lake's challenge #6;24FRA028;Ezylake's cup;2;3;0;5;0.0
2024;24FRA002;Viry Lake's challenge #6;24FRA029;Biggie's international;2;2;0;4;0.0
2024;24FRA002;Viry Lake's challenge #6;24FRA030;Magic Ski Time;2;5;0;7;0.0
2024;24FRA002;Viry Lake's challenge #6;24FRA031;Magic Trophy;2;7;0;9;0.0
2024;24FRA002;Viry Lake's challenge #6;24FRA036;Magic Challenge;2;5;0;7;0.0
2024;24FRA002;Viry Lake's challenge #6;24FRA039;LE PLAN D'EAU 3D;2;4;0;6;0.0
2024;24FRA003;Frozen Magic JG;24FRA004;Magic Cup;6;4;3;7;0.4286
2024;24FRA003;Frozen Magic JG;24FRA005;LE PLAN D'EAU 3D JUIN;6;6;2;10;0.2
2024;24FRA003;Frozen Magic JG;24FRA007;Ski Caraibes SLALOM CUP 2024;6;1;0;7;0.0
2024;24FRA003;Frozen Magic JG;24FRA008;Grand Prix de Marcillac - Championnat de Ligue NAQUA;6;6;0;12;0.0
2024;24FRA003;Frozen Magic JG;24FRA009;BORDEAUX SLALOM CUP;6;6;1;11;0.0909
2024;24FRA003;Frozen Magic JG;24FRA010;BAURECH CLASSIC;6;3;3;6;0.5
2024;24FRA003;Frozen Magic JG;24FRA012;Championnat Ligue Grand Est et Coupe Richard Odin;6;2;0;8;0.0
2024;24FRA003;Frozen Magic JG;24FRA013;Championnats de ligue BFC;6;5;0;11;0.0
2024;24FRA003;Frozen Magic JG;24FRA016;Coupe de Meuzac;6;8;2;12;0.1667
2024;24FRA003;Frozen Magic JG;24FRA017;Coupe du pays de Montbéliard;6;2;0;8;0.0
2024;24FRA003;Frozen Magic JG;24FRA018;LACANAU SKI CLASSIC 3D;6;10;3;13;0.2308
2024;24FRA003;Frozen Magic JG;24FRA019;PITROT 1 DAY;6;5;0;11;0.0
2024;24FRA003;Frozen Magic JG;24FRA021;Tours 3D event;6;2;2;6;0.3333
2024;24FRA003;Frozen Magic JG;24FRA023;Vinney's Cup 24;6;1;0;7;0.0
2024;24FRA003;Frozen Magic JG;24FRA024;Austin's Cup 24;6;3;0;9;0.0
2024;24FRA003;Frozen Magic JG;24FRA027;Championnat de France U21 + OPEN;6;16;3;19;0.1579
2024;24FRA003;Frozen Magic JG;24FRA028;Ezylake's cup;6;3;3;6;0.5
2024;24FRA003;Frozen Magic JG;24FRA029;Biggie's international;6;2;2;6;0.3333
2024;24FRA003;Frozen Magic JG;24FRA030;Magic Ski Time;6;5;4;7;0.5714
2024;24FRA003;Frozen Magic JG;24FRA031;Magic Trophy;6;7;6;7;0.8571
2024;24FRA003;Frozen Magic JG;24FRA036;Magic Challenge;6;5;3;8;0.375
2024;24FRA003;Frozen Magic JG;24FRA039;LE PLAN D'EAU 3D;6;4;2;8;0.25
2024;24FRA004;Magic Cup;24FRA005;LE PLAN D'EAU 3D JUIN;4;6;2;8;0.25
2024;24FRA004;Magic Cup;24FRA007;Ski Caraibes SLALOM CUP 2024;4;1;0;5;0.0
2024;24FRA004;Magic Cup;24FRA008;Grand Prix de Marcillac - Championnat de Ligue NAQUA;4;6;0;10;0.0
2024;24FRA004;Magic Cup;24FRA009;BORDEAUX SLALOM CUP;4;6;1;9;0.1111
2024;24FRA004;Magic Cup;24FRA010;BAURECH CLASSIC;4;3;3;4;0.75
2024;24FRA004;Magic Cup;24FRA012;Championnat Ligue Grand Est et Coupe Richard Odin;4;2;0;6;0.0
2024;24FRA004;Magic Cup;24FRA013;Championnats de ligue BFC;4;5;0;9;0.0
2024;24FRA004;Magic Cup;24FRA016;Coupe de Meuzac;4;8;2;10;0.2
2024;24FRA004;Magic Cup;24FRA017;Coupe du pays de Montbéliard;4;2;0;6;0.0
2024;24FRA004;Magic Cup;24FRA018;LACANAU SKI CLASSIC 3D;4;10;3;11;0.2727
2024;24FRA004;Magic Cup;24FRA019;PITROT 1 DAY;4;5;0;9;0.0
2024;24FRA004;Magic Cup;24FRA021;Tours 3D event;4;2;2;4;0.5
2024;24FRA004;Magic Cup;24FRA023;Vinney's Cup 24;4;1;0;5;0.0
2024;24FRA004;Magic Cup;24FRA024;Austin's Cup 24;4;3;1;6;0.1667
2024;24FRA004;Magic Cup;24FRA027;Championnat de France U21 + OPEN;4;16;3;17;0.1765
2024;24FRA004;Magic Cup;24FRA028;Ezylake's cup;4;3;2;5;0.4
2024;24FRA004;Magic Cup;24FRA029;Biggie's international;4;2;1;5;0.2
2024;24FRA004;Magic Cup;24FRA030;Magic Ski Time;4;5;4;5;0.8
2024;24FRA004;Magic Cup;24FRA031;Magic Trophy;4;7;4;7;0.5714
2024;24FRA004;Magic Cup;24FRA036;Magic Challenge;4;5;3;6;0.5
2024;24FRA004;Magic Cup;24FRA039;LE PLAN D'EAU 3D;4;4;2;6;0.3333
2024;24FRA005;LE PLAN D'EAU 3D JUIN;24FRA007;Ski Caraibes SLALOM CUP 2024;6;1;0;7;0.0
2024;24FRA005;LE PLAN D'EAU 3D JUIN;24FRA008;Grand Prix de Marcillac - Championnat de Ligue NAQUA;6;6;1;11;0.0909
2024;24FRA005;LE PLAN D'EAU 3D JUIN;24FRA009;BORDEAUX SLALOM CUP;6;6;3;9;0.3333
2024;24FRA005;LE PLAN D'EAU 3D JUIN;24FRA010;BAURECH CLASSIC;6;3;2;7;0.2857
2024;24FRA005;LE PLAN D'EAU 3D JUIN;24FRA012;Championnat Ligue Grand Est et Coupe Richard Odin;6;2;0;8;0.0
2024;24FRA005;LE PLAN D'EAU 3D JUIN;24FRA013;Championnats de ligue BFC;6;5;0;11;0.0
2024;24FRA005;LE PLAN D'EAU 3D JUIN;24FRA016;Coupe de Meuzac;6;8;4;10;0.4
2024;24FRA005;LE PLAN D'EAU 3D JUIN;24FRA017;Coupe du pays de Montbéliard;6;2;0;8;0.0
2024;24FRA005;LE PLAN D'EAU 3D JUIN;24FRA018;LACANAU SKI CLASSIC 3D;6;10;5;11;0.4545
2024;24FRA005;LE PLAN D'EAU 3D JUIN;24FRA019;PITROT 1 DAY;6;5;3;8;0.375
2024;24FRA005;LE PLAN D'EAU 3D JUIN;24FRA021;Tours 3D event;6;2;2;6;0.3333
2024;24FRA005;LE PLAN D'EAU 3D JUIN;24FRA023;Vinney's Cup 24;6;1;0;7;0.0
2024;24FRA005;LE PLAN D'EAU 3D JUIN;24FRA024;Austin's Cup 24;6;3;0;9;0.0
2024;24FRA005;LE PLAN D'EAU 3D JUIN;24FRA027;Championnat de France U21 + OPEN;6;16;5;17;0.2941
2024;24FRA005;LE PLAN D'EAU 3D JUIN;24FRA028;Ezylake's cup;6;3;2;7;0.2857
2024;24FRA005;LE PLAN D'EAU 3D JUIN;24FRA029;Biggie's international;6;2;0;8;0.0
2024;24FRA005;LE PLAN D'EAU 3D JUIN;24FRA030;Magic Ski Time;6;5;2;9;0.2222
2024;24FRA005;LE PLAN D'EAU 3D JUIN;24FRA031;Magic Trophy;6;7;2;11;0.1818
2024;24FRA005;LE PLAN D'EAU 3D JUIN;24FRA036;Magic Challenge;6;5;2;9;0.2222
2024;24FRA005;LE PLAN D'EAU 3D JUIN;24FRA039;LE PLAN D'EAU 3D;6;4;3;7;0.4286
2024;24FRA007;Ski Caraibes SLALOM CUP 2024;24FRA008;Grand Prix de Marcillac - Championnat de Ligue NAQUA;1;6;0;7;0.0
2024;24FRA007;Ski Caraibes SLALOM CUP 2024;24FRA009;BORDEAUX SLALOM CUP;1;6;0;7;0.0
2024;24FRA007;Ski Caraibes SLALOM CUP 2024;24FRA010;BAURECH CLASSIC;1;3;0;4;0.0
2024;24FRA007;Ski Caraibes SLALOM CUP 2024;24FRA012;Championnat Ligue Grand Est et Coupe Richard Odin;1;2;0;3;0.0
2024;24FRA007;Ski Caraibes SLALOM CUP 2024;24FRA013;Championnats de ligue BFC;1;5;0;6;0.0
2024;24FRA007;Ski Caraibes SLALOM CUP 2024;24FRA016;Coupe de Meuzac;1;8;1;8;0.125
2024;24FRA007;Ski Caraibes SLALOM CUP 2024;24FRA017;Coupe du pays de Montbéliard;1;2;0;3;0.0
2024;24FRA007;Ski Caraibes SLALOM CUP 2024;24FRA018;LACANAU SKI CLASSIC 3D;1;10;0;11;0.0
2024;24FRA007;Ski Caraibes SLALOM CUP 2024;24FRA019;PITROT 1 DAY;1;5;0;6;0.0
2024;24FRA007;Ski Caraibes SLALOM CUP 2024;24FRA021;Tours 3D event;1;2;0;3;0.0
2024;24FRA007;Ski Caraibes SLALOM CUP 2024;24FRA023;Vinney's Cup 24;1;1;0;2;0.0
2024;24FRA007;Ski Caraibes SLALOM CUP 2024;24FRA024;Austin's Cup 24;1;3;0;4;0.0
2024;24FRA007;Ski Caraibes SLALOM CUP 2024;24FRA027;Championnat de France U21 + OPEN;1;16;0;17;0.0
2024;24FRA007;Ski Caraibes SLALOM CUP 2024;24FRA028;Ezylake's cup;1;3;0;4;0.0
2024;24FRA007;Ski Caraibes SLALOM CUP 2024;24FRA029;Biggie's international;1;2;0;3;0.0
2024;24FRA007;Ski Caraibes SLALOM CUP 2024;24FRA030;Magic Ski Time;1;5;0;6;0.0
2024;24FRA007;Ski Caraibes SLALOM CUP 2024;24FRA031;Magic Trophy;1;7;0;8;0.0
2024;24FRA007;Ski Caraibes SLALOM CUP 2024;24FRA036;Magic Challenge;1;5;0;6;0.0
2024;24FRA007;Ski Caraibes SLALOM CUP 2024;24FRA039;LE PLAN D'EAU 3D;1;4;0;5;0.0
2024;24FRA008;Grand Prix de Marcillac - Championnat de Ligue NAQUA;24FRA009;BORDEAUX SLALOM CUP;6;6;2;10;0.2
2024;24FRA008;Grand Prix de Marcillac - Championnat de Ligue NAQUA;24FRA010;BAURECH CLASSIC;6;3;0;9;0.0
2024;24FRA008;Grand Prix de Marcillac - Championnat de Ligue NAQUA;24FRA012;Championnat Ligue Grand Est et Coupe Richard Odin;6;2;0;8;0.0
2024;24FRA008;Grand Prix de Marcillac - Championnat de Ligue NAQUA;24FRA013;Championnats de ligue BFC;6;5;0;11;0.0
2024;24FRA008;Grand Prix de Marcillac - Championnat de Ligue NAQUA;24FRA016;Coupe de Meuzac;6;8;3;11;0.2727
2024;24FRA008;Grand Prix de Marcillac - Championnat de Ligue NAQUA;24FRA017;Coupe du pays de Montbéliard;6;2;0;8;0.0
2024;24FRA008;Grand Prix de Marcillac - Championnat de Ligue NAQUA;24FRA018;LACANAU SKI CLASSIC 3D;6;10;2;14;0.1429
2024;24FRA008;Grand Prix de Marcillac - Championnat de Ligue NAQUA;24FRA019;PITROT 1 DAY;6;5;1;10;0.1
2024;24FRA008;Grand Prix de Marcillac - Championnat de Ligue NAQUA;24FRA021;Tours 3D event;6;2;0;8;0.0
2024;24FRA008;Grand Prix de Marcillac - Championnat de Ligue NAQUA;24FRA023;Vinney's Cup 24;6;1;1;6;0.1667
2024;24FRA008;Grand Prix de Marcillac - Championnat de Ligue NAQUA;24FRA024;Austin's Cup 24;6;3;2;7;0.2857
2024;24FRA008;Grand Prix de Marcillac - Championnat de Ligue NAQUA;24FRA027;Championnat de France U21 + OPEN;6;16;2;20;0.1
2024;24FRA008;Grand Prix de Marcillac - Championnat de Ligue NAQUA;24FRA028;Ezylake's cup;6;3;0;9;0.0
2024;24FRA008;Grand Prix de Marcillac - Championnat de Ligue NAQUA;24FRA029;Biggie's international;6;2;0;8;0.0
2024;24FRA008;Grand Prix de Marcillac - Championnat de Ligue NAQUA;24FRA030;Magic Ski Time;6;5;0;11;0.0
2024;24FRA008;Grand Prix de Marcillac - Championnat de Ligue NAQUA;24FRA031;Magic Trophy;6;7;0;13;0.0
2024;24FRA008;Grand Prix de Marcillac - Championnat de Ligue NAQUA;24FRA036;Magic Challenge;6;5;0;11;0.0
2024;24FRA008;Grand Prix de Marcillac - Championnat de Ligue NAQUA;24FRA039;LE PLAN D'EAU 3D;6;4;1;9;0.1111
2024;24FRA009;BORDEAUX SLALOM CUP;24FRA010;BAURECH CLASSIC;6;3;1;8;0.125
2024;24FRA009;BORDEAUX SLALOM CUP;24FRA012;Championnat Ligue Grand Est et Coupe Richard Odin;6;2;0;8;0.0
2024;24FRA009;BORDEAUX SLALOM CUP;24FRA013;Championnats de ligue BFC;6;5;0;11;0.0
2024;24FRA009;BORDEAUX SLALOM CUP;24FRA016;Coupe de Meuzac;6;8;2;12;0.1667
2024;24FRA009;BORDEAUX SLALOM CUP;24FRA017;Coupe du pays de Montbéliard;6;2;0;8;0.0
2024;24FRA009;BORDEAUX SLALOM CUP;24FRA018;LACANAU SKI CLASSIC 3D;6;10;4;12;0.3333
2024;24FRA009;BORDEAUX SLALOM CUP;24FRA019;PITROT 1 DAY;6;5;3;8;0.375
2024;24FRA009;BORDEAUX SLALOM CUP;24FRA021;Tours 3D event;6;2;0;8;0.0
2024;24FRA009;BORDEAUX SLALOM CUP;24FRA023;Vinney's Cup 24;6;1;1;6;0.1667
2024;24FRA009;BORDEAUX SLALOM CUP;24FRA024;Austin's Cup 24;6;3;1;8;0.125
2024;24FRA009;BORDEAUX SLALOM CUP;24FRA027;Championnat de France U21 + OPEN;6;16;5;17;0.2941
2024;24FRA009;BORDEAUX SLALOM CUP;24FRA028;Ezylake's cup;6;3;0;9;0.0
2024;24FRA009;BORDEAUX SLALOM CUP;24FRA029;Biggie's international;6;2;1;7;0.1429
2024;24FRA009;BORDEAUX SLALOM CUP;24FRA030;Magic Ski Time;6;5;1;10;0.1
2024;24FRA009;BORDEAUX SLALOM CUP;24FRA031;Magic Trophy;6;7;1;12;0.0833
2024;24FRA009;BORDEAUX SLALOM CUP;24FRA036;Magic Challenge;6;5;1;10;0.1
2024;24FRA009;BORDEAUX SLALOM CUP;24FRA039;LE PLAN D'EAU 3D;6;4;1;9;0.1111
2024;24FRA010;BAURECH CLASSIC;24FRA012;Championnat Ligue Grand Est et Coupe Richard Odin;3;2;0;5;0.0
2024;24FRA010;BAURECH CLASSIC;24FRA013;Championnats de ligue BFC;3;5;0;8;0.0
2024;24FRA010;BAURECH CLASSIC;24FRA016;Coupe de Meuzac;3;8;2;9;0.2222
2024;24FRA010;BAURECH CLASSIC;24FRA017;Coupe du pays de Montbéliard;3;2;0;5;0.0
2024;24FRA010;BAURECH CLASSIC;24FRA018;LACANAU SKI CLASSIC 3D;3;10;3;10;0.3
2024;24FRA010;BAURECH CLASSIC;24FRA019;PITROT 1 DAY;3;5;0;8;0.0
2024;24FRA010;BAURECH CLASSIC;24FRA021;Tours 3D event;3;2;2;3;0.6667
2024;24FRA010;BAURECH CLASSIC;24FRA023;Vinney's Cup 24;3;1;0;4;0.0
2024;24FRA010;BAURECH CLASSIC;24FRA024;Austin's Cup 24;3;3;0;6;0.0
2024;24FRA010;BAURECH CLASSIC;24FRA027;Championnat de France U21 + OPEN;3;16;3;16;0.1875
2024;24FRA010;BAURECH CLASSIC;24FRA028;Ezylake's cup;3;3;2;4;0.5
2024;24FRA010;BAURECH CLASSIC;24FRA029;Biggie's international;3;2;1;4;0.25
2024;24FRA010;BAURECH CLASSIC;24FRA030;Magic Ski Time;3;5;3;5;0.6
2024;24FRA010;BAURECH CLASSIC;24FRA031;Magic Trophy;3;7;3;7;0.4286
2024;24FRA010;BAURECH CLASSIC;24FRA036;Magic Challenge;3;5;2;6;0.3333
2024;24FRA010;BAURECH CLASSIC;24FRA039;LE PLAN D'EAU 3D;3;4;2;5;0.4
2024;24FRA012;Championnat Ligue Grand Est et Coupe Richard Odin;24FRA013;Championnats de ligue BFC;2;5;0;7;0.0
2024;24FRA012;Championnat Ligue Grand Est et Coupe Richard Odin;24FRA016;Coupe de Meuzac;2;8;0;10;0.0
2024;24FRA012;Championnat Ligue Grand Est et Coupe Richard Odin;24FRA017;Coupe du pays de Montbéliard;2;2;0;4;0.0
2024;24FRA012;Championnat Ligue Grand Est et Coupe Richard Odin;24FRA018;LACANAU SKI CLASSIC 3D;2;10;0;12;0.0
2024;24FRA012;Championnat Ligue Grand Est et Coupe Richard Odin;24FRA019;PITROT 1 DAY;2;5;0;7;0.0
2024;24FRA012;Championnat Ligue Grand Est et Coupe Richard Odin;24FRA021;Tours 3D event;2;2;0;4;0.0
2024;24FRA012;Championnat Ligue Grand Est et Coupe Richard Odin;24FRA023;Vinney's Cup 24;2;1;0;3;0.0
2024;24FRA012;Championnat Ligue Grand Est et Coupe Richard Odin;24FRA024;Austin's Cup 24;2;3;0;5;0.0
2024;24FRA012;Championnat Ligue Grand Est et Coupe Richard Odin;24FRA027;Championnat de France U21 + OPEN;2;16;0;18;0.0
2024;24FRA012;Championnat Ligue Grand Est et Coupe Richard Odin;24FRA028;Ezylake's cup;2;3;0;5;0.0
2024;24FRA012;Championnat Ligue Grand Est et Coupe Richard Odin;24FRA029;Biggie's international;2;2;0;4;0.0
2024;24FRA012;Championnat Ligue Grand Est et Coupe Richard Odin;24FRA030;Magic Ski Time;2;5;0;7;0.0
2024;24FRA012;Championnat Ligue Grand Est et Coupe Richard Odin;24FRA031;Magic Trophy;2;7;0;9;0.0
2024;24FRA012;Championnat Ligue Grand Est et Coupe Richard Odin;24FRA036;Magic Challenge;2;5;0;7;0.0
2024;24FRA012;Championnat Ligue Grand Est et Coupe Richard Odin;24FRA039;LE PLAN D'EAU 3D;2;4;0;6;0.0
2024;24FRA013;Championnats de ligue BFC;24FRA016;Coupe de Meuzac;5;8;0;13;0.0
2024;24FRA013;Championnats de ligue BFC;24FRA017;Coupe du pays de Montbéliard;5;2;2;5;0.4
2024;24FRA013;Championnats de ligue BFC;24FRA018;LACANAU SKI CLASSIC 3D;5;10;0;15;0.0
2024;24FRA013;Championnats de ligue BFC;24FRA019;PITROT 1 DAY;5;5;0;10;0.0
2024;24FRA013;Championnats de ligue BFC;24FRA021;Tours 3D event;5;2;0;7;0.0
2024;24FRA013;Championnats de ligue BFC;24FRA023;Vinney's Cup 24;5;1;0;6;0.0
2024;24FRA013;Championnats de ligue BFC;24FRA024;Austin's Cup 24;5;3;0;8;0.0
2024;24FRA013;Championnats de ligue BFC;24FRA027;Championnat de France U21 + OPEN;5;16;0;21;0.0
2024;24FRA013;Championnats de ligue BFC;24FRA028;Ezylake's cup;5;3;0;8;0.0
2024;24FRA013;Championnats de ligue BFC;24FRA029;Biggie's international;5;2;0;7;0.0
2024;24FRA013;Championnats de ligue BFC;24FRA030;Magic Ski Time;5;5;0;10;0.0
2024;24FRA013;Championnats de ligue BFC;24FRA031;Magic Trophy;5;7;0;12;0.0
2024;24FRA013;Championnats de ligue BFC;24FRA036;Magic Challenge;5;5;0;10;0.0
2024;24FRA013;Championnats de ligue BFC;24FRA039;LE PLAN D'EAU 3D;5;4;0;9;0.0
2024;24FRA016;Coupe de Meuzac;24FRA017;Coupe du pays de Montbéliard;8;2;0;10;0.0
2024;24FRA016;Coupe de Meuzac;24FRA018;LACANAU SKI CLASSIC 3D;8;10;5;13;0.3846
2024;24FRA016;Coupe de Meuzac;24FRA019;PITROT 1 DAY;8;5;3;10;0.3
2024;24FRA016;Coupe de Meuzac;24FRA021;Tours 3D event;8;2;2;8;0.25
2024;24FRA016;Coupe de Meuzac;24FRA023;Vinney's Cup 24;8;1;0;9;0.0
2024;24FRA016;Coupe de Meuzac;24FRA024;Austin's Cup 24;8;3;0;11;0.0
2024;24FRA016;Coupe de Meuzac;24FRA027;Championnat de France U21 + OPEN;8;16;4;20;0.2
2024;24FRA016;Coupe de Meuzac;24FRA028;Ezylake's cup;8;3;2;9;0.2222
2024;24FRA016;Coupe de Meuzac;24FRA029;Biggie's international;8;2;0;10;0.0
2024;24FRA016;Coupe de Meuzac;24FRA030;Magic Ski Time;8;5;2;11;0.1818
2024;24FRA016;Coupe de Meuzac;24FRA031;Magic Trophy;8;7;2;13;0.1538
2024;24FRA016;Coupe de Meuzac;24FRA036;Magic Challenge;8;5;2;11;0.1818
2024;24FRA016;Coupe de Meuzac;24FRA039;LE PLAN D'EAU 3D;8;4;4;8;0.5
2024;24FRA017;Coupe du pays de Montbéliard;24FRA018;LACANAU SKI CLASSIC 3D;2;10;0;12;0.0
2024;24FRA017;Coupe du pays de Montbéliard;24FRA019;PITROT 1 DAY;2;5;0;7;0.0
2024;24FRA017;Coupe du pays de Montbéliard;24FRA021;Tours 3D event;2;2;0;4;0.0
2024;24FRA017;Coupe du pays de Montbéliard;24FRA023;Vinney's Cup 24;2;1;0;3;0.0
2024;24FRA017;Coupe du pays de Montbéliard;24FRA024;Austin's Cup 24;2;3;0;5;0.0
2024;24FRA017;Coupe du pays de Montbéliard;24FRA027;Championnat de France U21 + OPEN;2;16;0;18;0.0
2024;24FRA017;Coupe du pays de Montbéliard;24FRA028;Ezylake's cup;2;3;0;5;0.0
2024;24FRA017;Coupe du pays de Montbéliard;24FRA029;Biggie's international;2;2;0;4;0.0
2024;24FRA017;Coupe du pays de Montbéliard;24FRA030;Magic Ski Time;2;5;0;7;0.0
2024;24FRA017;Coupe du pays de Montbéliard;24FRA031;Magic Trophy;2;7;0;9;0.0
2024;24FRA017;Coupe du pays de Montbéliard;24FRA036;Magic Challenge;2;5;0;7;0.0
2024;24FRA017;Coupe du pays de Montbéliard;24FRA039;LE PLAN D'EAU 3D;2;4;0;6;0.0
2024;24FRA018;LACANAU SKI CLASSIC 3D;24FRA019;PITROT 1 DAY;10;5;4;11;0.3636
2024;24FRA018;LACANAU SKI CLASSIC 3D;24FRA021;Tours 3D event;10;2;2;10;0.2
2024;24FRA018;LACANAU SKI CLASSIC 3D;24FRA023;Vinney's Cup 24;10;1;0;11;0.0
2024;24FRA018;LACANAU SKI CLASSIC 3D;24FRA024;Austin's Cup 24;10;3;0;13;0.0
2024;24FRA018;LACANAU SKI CLASSIC 3D;24FRA027;Championnat de France U21 + OPEN;10;16;7;19;0.3684
2024;24FRA018;LACANAU SKI CLASSIC 3D;24FRA028;Ezylake's cup;10;3;2;11;0.1818
2024;24FRA018;LACANAU SKI CLASSIC 3D;24FRA029;Biggie's international;10;2;1;11;0.0909
2024;24FRA018;LACANAU SKI CLASSIC 3D;24FRA030;Magic Ski Time;10;5;3;12;0.25
2024;24FRA018;LACANAU SKI CLASSIC 3D;24FRA031;Magic Trophy;10;7;3;14;0.2143
2024;24FRA018;LACANAU SKI CLASSIC 3D;24FRA036;Magic Challenge;10;5;2;13;0.1538
2024;24FRA018;LACANAU SKI CLASSIC 3D;24FRA039;LE PLAN D'EAU 3D;10;4;3;11;0.2727
2024;24FRA019;PITROT 1 DAY;24FRA021;Tours 3D event;5;2;0;7;0.0
2024;24FRA019;PITROT 1 DAY;24FRA023;Vinney's Cup 24;5;1;0;6;0.0
2024;24FRA019;PITROT 1 DAY;24FRA024;Austin's Cup 24;5;3;0;8;0.0
2024;24FRA019;PITROT 1 DAY;24FRA027;Championnat de France U21 + OPEN;5;16;2;19;0.1053
2024;24FRA019;PITROT 1 DAY;24FRA028;Ezylake's cup;5;3;0;8;0.0
2024;24FRA019;PITROT 1 DAY;24FRA029;Biggie's international;5;2;0;7;0.0
2024;24FRA019;PITROT 1 DAY;24FRA030;Magic Ski Time;5;5;0;10;0.0
2024;24FRA019;PITROT 1 DAY;24FRA031;Magic Trophy;5;7;0;12;0.0
2024;24FRA019;PITROT 1 DAY;24FRA036;Magic Challenge;5;5;0;10;0.0
2024;24FRA019;PITROT 1 DAY;24FRA039;LE PLAN D'EAU 3D;5;4;1;8;0.125
2024;24FRA021;Tours 3D event;24FRA023;Vinney's Cup 24;2;1;0;3;0.0
2024;24FRA021;Tours 3D event;24FRA024;Austin's Cup 24;2;3;0;5;0.0
2024;24FRA021;Tours 3D event;24FRA027;Championnat de France U21 + OPEN;2;16;2;16;0.125
2024;24FRA021;Tours 3D event;24FRA028;Ezylake's cup;2;3;2;3;0.6667
2024;24FRA021;Tours 3D event;24FRA029;Biggie's international;2;2;0;4;0.0
2024;24FRA021;Tours 3D event;24FRA030;Magic Ski Time;2;5;2;5;0.4
2024;24FRA021;Tours 3D event;24FRA031;Magic Trophy;2;7;2;7;0.2857
2024;24FRA021;Tours 3D event;24FRA036;Magic Challenge;2;5;2;5;0.4
2024;24FRA021;Tours 3D event;24FRA039;LE PLAN D'EAU 3D;2;4;2;4;0.5
2024;24FRA023;Vinney's Cup 24;24FRA024;Austin's Cup 24;1;3;1;3;0.3333
2024;24FRA023;Vinney's Cup 24;24FRA027;Championnat de France U21 + OPEN;1;16;1;16;0.0625
2024;24FRA023;Vinney's Cup 24;24FRA028;Ezylake's cup;1;3;0;4;0.0
2024;24FRA023;Vinney's Cup 24;24FRA029;Biggie's international;1;2;0;3;0.0
2024;24FRA023;Vinney's Cup 24;24FRA030;Magic Ski Time;1;5;0;6;0.0
2024;24FRA023;Vinney's Cup 24;24FRA031;Magic Trophy;1;7;0;8;0.0
2024;24FRA023;Vinney's Cup 24;24FRA036;Magic Challenge;1;5;0;6;0.0
2024;24FRA023;Vinney's Cup 24;24FRA039;LE PLAN D'EAU 3D;1;4;0;5;0.0
2024;24FRA024;Austin's Cup 24;24FRA027;Championnat de France U21 + OPEN;3;16;1;18;0.0556
2024;24FRA024;Austin's Cup 24;24FRA028;Ezylake's cup;3;3;0;6;0.0
2024;24FRA024;Austin's Cup 24;24FRA029;Biggie's international;3;2;0;5;0.0
2024;24FRA024;Austin's Cup 24;24FRA030;Magic Ski Time;3;5;1;7;0.1429
2024;24FRA024;Austin's Cup 24;24FRA031;Magic Trophy;3;7;1;9;0.1111
2024;24FRA024;Austin's Cup 24;24FRA036;Magic Challenge;3;5;1;7;0.1429
2024;24FRA024;Austin's Cup 24;24FRA039;LE PLAN D'EAU 3D;3;4;0;7;0.0
2024;24FRA027;Championnat de France U21 + OPEN;24FRA028;Ezylake's cup;16;3;2;17;0.1176
2024;24FRA027;Championnat de France U21 + OPEN;24FRA029;Biggie's international;16;2;1;17;0.0588
2024;24FRA027;Championnat de France U21 + OPEN;24FRA030;Magic Ski Time;16;5;3;18;0.1667
2024;24FRA027;Championnat de France U21 + OPEN;24FRA031;Magic Trophy;16;7;3;20;0.15
2024;24FRA027;Championnat de France U21 + OPEN;24FRA036;Magic Challenge;16;5;3;18;0.1667
2024;24FRA027;Championnat de France U21 + OPEN;24FRA039;LE PLAN D'EAU 3D;16;4;3;17;0.1765
2024;24FRA028;Ezylake's cup;24FRA029;Biggie's international;3;2;1;4;0.25
2024;24FRA028;Ezylake's cup;24FRA030;Magic Ski Time;3;5;2;6;0.3333
2024;24FRA028;Ezylake's cup;24FRA031;Magic Trophy;3;7;3;7;0.4286
2024;24FRA028;Ezylake's cup;24FRA036;Magic Challenge;3;5;2;6;0.3333
2024;24FRA028;Ezylake's cup;24FRA039;LE PLAN D'EAU 3D;3;4;2;5;0.4
2024;24FRA029;Biggie's international;24FRA030;Magic Ski Time;2;5;1;6;0.1667
2024;24FRA029;Biggie's international;24FRA031;Magic Trophy;2;7;2;7;0.2857
2024;24FRA029;Biggie's international;24FRA036;Magic Challenge;2;5;0;7;0.0
2024;24FRA029;Biggie's international;24FRA039;LE PLAN D'EAU 3D;2;4;0;6;0.0
2024;24FRA030;Magic Ski Time;24FRA031;Magic Trophy;5;7;5;7;0.7143
2024;24FRA030;Magic Ski Time;24FRA036;Magic Challenge;5;5;4;6;0.6667
2024;24FRA030;Magic Ski Time;24FRA039;LE PLAN D'EAU 3D;5;4;2;7;0.2857
2024;24FRA031;Magic Trophy;24FRA036;Magic Challenge;7;5;4;8;0.5
2024;24FRA031;Magic Trophy;24FRA039;LE PLAN D'EAU 3D;7;4;2;9;0.2222
2024;24FRA036;Magic Challenge;24FRA039;LE PLAN D'EAU 3D;5;4;2;7;0.2857
2025;25FRA001;THE FUNGLISS PRO AM;25FRA002;Viry Lake's challenge #7;4;3;0;7;0.0
2025;25FRA001;THE FUNGLISS PRO AM;25FRA005;MALIBU OPEN;4;8;1;11;0.0909
2025;25FRA001;THE FUNGLISS PRO AM;25FRA006;LACANAU SKI CLASSIC;4;7;0;11;0.0
2025;25FRA001;THE FUNGLISS PRO AM;25FRA008;Magic Cup;4;8;1;11;0.0909
2025;25FRA001;THE FUNGLISS PRO AM;25FRA009;Magic Ski Time;4;4;0;8;0.0
2025;25FRA001;THE FUNGLISS PRO AM;25FRA010;Magic Challenge;4;5;1;8;0.125
2025;25FRA001;THE FUNGLISS PRO AM;25FRA011;Le Trophée d'Arc;4;1;1;4;0.25
2025;25FRA001;THE FUNGLISS PRO AM;25FRA013;LE PLAN D'EAU 3D 1/2 30ème anniversaire;4;4;0;8;0.0
2025;25FRA001;THE FUNGLISS PRO AM;25FRA014;LE PLAN D'EAU 3D 2/2 30ème anniversaire;4;3;0;7;0.0
2025;25FRA001;THE FUNGLISS PRO AM;25FRA019;Championnats du mont de Laroche;4;6;0;10;0.0
2025;25FRA001;THE FUNGLISS PRO AM;25FRA021;Ezylake's cup;4;3;0;7;0.0
2025;25FRA001;THE FUNGLISS PRO AM;25FRA022;Aquacup (2+1);4;3;0;7;0.0
2025;25FRA001;THE FUNGLISS PRO AM;25FRA025;Legends of Ezylake;4;3;0;7;0.0
2025;25FRA001;THE FUNGLISS PRO AM;25FRA026;Coupe du pays de Montbeliard- Championnat Ligue BFC;4;2;0;6;0.0
2025;25FRA001;THE FUNGLISS PRO AM;25FRA027;Vinney's Cup 25;4;3;0;7;0.0
2025;25FRA001;THE FUNGLISS PRO AM;25FRA028;Austin's Cup 25;4;4;0;8;0.0
2025;25FRA001;THE FUNGLISS PRO AM;25FRA029;Jano's Cup 25;4;3;0;7;0.0
2025;25FRA001;THE FUNGLISS PRO AM;25FRA030;BAURECH Slalom CUP / 4 RDS;4;7;0;11;0.0
2025;25FRA001;THE FUNGLISS PRO AM;25FRA031;BAURECH 3 EVENTS- RL 3 RDS/ Events;4;7;0;11;0.0
2025;25FRA001;THE FUNGLISS PRO AM;25FRA032;BAURECH SLALOM SERIES 4RD;4;5;0;9;0.0
2025;25FRA001;THE FUNGLISS PRO AM;25FRA037;Championnat Ligue Grand Est et Coupe Richard Odin;4;3;0;7;0.0
2025;25FRA001;THE FUNGLISS PRO AM;25FRA206;Championnat de France U21 + OPEN;4;14;3;15;0.2
2025;25FRA001;THE FUNGLISS PRO AM;25FRA208;Championnat de Ligue AURA 2025;4;2;1;5;0.2
2025;25FRA001;THE FUNGLISS PRO AM;25FRA217;New !!! Championnats de Ligue NAQU Mémorial Michel Naudinat;4;8;0;12;0.0
2025;25FRA002;Viry Lake's challenge #7;25FRA005;MALIBU OPEN;3;8;0;11;0.0
2025;25FRA002;Viry Lake's challenge #7;25FRA006;LACANAU SKI CLASSIC;3;7;0;10;0.0
2025;25FRA002;Viry Lake's challenge #7;25FRA008;Magic Cup;3;8;0;11;0.0
2025;25FRA002;Viry Lake's challenge #7;25FRA009;Magic Ski Time;3;4;0;7;0.0
2025;25FRA002;Viry Lake's challenge #7;25FRA010;Magic Challenge;3;5;0;8;0.0
2025;25FRA002;Viry Lake's challenge #7;25FRA011;Le Trophée d'Arc;3;1;0;4;0.0
2025;25FRA002;Viry Lake's challenge #7;25FRA013;LE PLAN D'EAU 3D 1/2 30ème anniversaire;3;4;1;6;0.1667
2025;25FRA002;Viry Lake's challenge #7;25FRA014;LE PLAN D'EAU 3D 2/2 30ème anniversaire;3;3;0;6;0.0
2025;25FRA002;Viry Lake's challenge #7;25FRA019;Championnats du mont de Laroche;3;6;0;9;0.0
2025;25FRA002;Viry Lake's challenge #7;25FRA021;Ezylake's cup;3;3;1;5;0.2
2025;25FRA002;Viry Lake's challenge #7;25FRA022;Aquacup (2+1);3;3;0;6;0.0
2025;25FRA002;Viry Lake's challenge #7;25FRA025;Legends of Ezylake;3;3;1;5;0.2
2025;25FRA002;Viry Lake's challenge #7;25FRA026;Coupe du pays de Montbeliard- Championnat Ligue BFC;3;2;0;5;0.0
2025;25FRA002;Viry Lake's challenge #7;25FRA027;Vinney's Cup 25;3;3;0;6;0.0
2025;25FRA002;Viry Lake's challenge #7;25FRA028;Austin's Cup 25;3;4;1;6;0.1667
2025;25FRA002;Viry Lake's challenge #7;25FRA029;Jano's Cup 25;3;3;0;6;0.0
2025;25FRA002;Viry Lake's challenge #7;25FRA030;BAURECH Slalom CUP / 4 RDS;3;7;0;10;0.0
2025;25FRA002;Viry Lake's challenge #7;25FRA031;BAURECH 3 EVENTS- RL 3 RDS/ Events;3;7;0;10;0.0
2025;25FRA002;Viry Lake's challenge #7;25FRA032;BAURECH SLALOM SERIES 4RD;3;5;0;8;0.0
2025;25FRA002;Viry Lake's challenge #7;25FRA037;Championnat Ligue Grand Est et Coupe Richard Odin;3;3;0;6;0.0
2025;25FRA002;Viry Lake's challenge #7;25FRA206;Championnat de France U21 + OPEN;3;14;0;17;0.0
2025;25FRA002;Viry Lake's challenge #7;25FRA208;Championnat de Ligue AURA 2025;3;2;0;5;0.0
2025;25FRA002;Viry Lake's challenge #7;25FRA217;New !!! Championnats de Ligue NAQU Mémorial Michel Naudinat;3;8;0;11;0.0
2025;25FRA005;MALIBU OPEN;25FRA006;LACANAU SKI CLASSIC;8;7;4;11;0.3636
2025;25FRA005;MALIBU OPEN;25FRA008;Magic Cup;8;8;2;14;0.1429
2025;25FRA005;MALIBU OPEN;25FRA009;Magic Ski Time;8;4;0;12;0.0
2025;25FRA005;MALIBU OPEN;25FRA010;Magic Challenge;8;5;1;12;0.0833
2025;25FRA005;MALIBU OPEN;25FRA011;Le Trophée d'Arc;8;1;0;9;0.0
2025;25FRA005;MALIBU OPEN;25FRA013;LE PLAN D'EAU 3D 1/2 30ème anniversaire;8;4;1;11;0.0909
2025;25FRA005;MALIBU OPEN;25FRA014;LE PLAN D'EAU 3D 2/2 30ème anniversaire;8;3;1;10;0.1
2025;25FRA005;MALIBU OPEN;25FRA019;Championnats du mont de Laroche;8;6;0;14;0.0
2025;25FRA005;MALIBU OPEN;25FRA021;Ezylake's cup;8;3;0;11;0.0
2025;25FRA005;MALIBU OPEN;25FRA022;Aquacup (2+1);8;3;0;11;0.0
2025;25FRA005;MALIBU OPEN;25FRA025;Legends of Ezylake;8;3;0;11;0.0
2025;25FRA005;MALIBU OPEN;25FRA026;Coupe du pays de Montbeliard- Championnat Ligue BFC;8;2;0;10;0.0
2025;25FRA005;MALIBU OPEN;25FRA027;Vinney's Cup 25;8;3;0;11;0.0
2025;25FRA005;MALIBU OPEN;25FRA028;Austin's Cup 25;8;4;0;12;0.0
2025;25FRA005;MALIBU OPEN;25FRA029;Jano's Cup 25;8;3;0;11;0.0
2025;25FRA005;MALIBU OPEN;25FRA030;BAURECH Slalom CUP / 4 RDS;8;7;3;12;0.25
2025;25FRA005;MALIBU OPEN;25FRA031;BAURECH 3 EVENTS- RL 3 RDS/ Events;8;7;3;12;0.25
2025;25FRA005;MALIBU OPEN;25FRA032;BAURECH SLALOM SERIES 4RD;8;5;1;12;0.0833
2025;25FRA005;MALIBU OPEN;25FRA037;Championnat Ligue Grand Est et Coupe Richard Odin;8;3;0;11;0.0
2025;25FRA005;MALIBU OPEN;25FRA206;Championnat de France U21 + OPEN;8;14;3;19;0.1579
2025;25FRA005;MALIBU OPEN;25FRA208;Championnat de Ligue AURA 2025;8;2;0;10;0.0
2025;25FRA005;MALIBU OPEN;25FRA217;New !!! Championnats de Ligue NAQU Mémorial Michel Naudinat;8;8;3;13;0.2308
2025;25FRA006;LACANAU SKI CLASSIC;25FRA008;Magic Cup;7;8;2;13;0.1538
2025;25FRA006;LACANAU SKI CLASSIC;25FRA009;Magic Ski Time;7;4;0;11;0.0
2025;25FRA006;LACANAU SKI CLASSIC;25FRA010;Magic Challenge;7;5;0;12;0.0
2025;25FRA006;LACANAU SKI CLASSIC;25FRA011;Le Trophée d'Arc;7;1;0;8;0.0
2025;25FRA006;LACANAU SKI CLASSIC;25FRA013;LE PLAN D'EAU 3D 1/2 30ème anniversaire;7;4;2;9;0.2222
2025;25FRA006;LACANAU SKI CLASSIC;25FRA014;LE PLAN D'EAU 3D 2/2 30ème anniversaire;7;3;2;8;0.25
2025;25FRA006;LACANAU SKI CLASSIC;25FRA019;Championnats du mont de Laroche;7;6;0;13;0.0
2025;25FRA006;LACANAU SKI CLASSIC;25FRA021;Ezylake's cup;7;3;1;9;0.1111
2025;25FRA006;LACANAU SKI CLASSIC;25FRA022;Aquacup (2+1);7;3;0;10;0.0
2025;25FRA006;LACANAU SKI CLASSIC;25FRA025;Legends of Ezylake;7;3;0;10;0.0
2025;25FRA006;LACANAU SKI CLASSIC;25FRA026;Coupe du pays de Montbeliard- Championnat Ligue BFC;7;2;0;9;0.0
2025;25FRA006;LACANAU SKI CLASSIC;25FRA027;Vinney's Cup 25;7;3;0;10;0.0
2025;25FRA006;LACANAU SKI CLASSIC;25FRA028;Austin's Cup 25;7;4;0;11;0.0
2025;25FRA006;LACANAU SKI CLASSIC;25FRA029;Jano's Cup 25;7;3;0;10;0.0
2025;25FRA006;LACANAU SKI CLASSIC;25FRA030;BAURECH Slalom CUP / 4 RDS;7;7;3;11;0.2727
2025;25FRA006;LACANAU SKI CLASSIC;25FRA031;BAURECH 3 EVENTS- RL 3 RDS/ Events;7;7;4;10;0.4
2025;25FRA006;LACANAU SKI CLASSIC;25FRA032;BAURECH SLALOM SERIES 4RD;7;5;2;10;0.2
2025;25FRA006;LACANAU SKI CLASSIC;25FRA037;Championnat Ligue Grand Est et Coupe Richard Odin;7;3;0;10;0.0
2025;25FRA006;LACANAU SKI CLASSIC;25FRA206;Championnat de France U21 + OPEN;7;14;2;19;0.1053
2025;25FRA006;LACANAU SKI CLASSIC;25FRA208;Championnat de Ligue AURA 2025;7;2;0;9;0.0
2025;25FRA006;LACANAU SKI CLASSIC;25FRA217;New !!! Championnats de Ligue NAQU Mémorial Michel Naudinat;7;8;4;11;0.3636
2025;25FRA008;Magic Cup;25FRA009;Magic Ski Time;8;4;3;9;0.3333
2025;25FRA008;Magic Cup;25FRA010;Magic Challenge;8;5;4;9;0.4444
2025;25FRA008;Magic Cup;25FRA011;Le Trophée d'Arc;8;1;0;9;0.0
2025;25FRA008;Magic Cup;25FRA013;LE PLAN D'EAU 3D 1/2 30ème anniversaire;8;4;2;10;0.2
2025;25FRA008;Magic Cup;25FRA014;LE PLAN D'EAU 3D 2/2 30ème anniversaire;8;3;3;8;0.375
2025;25FRA008;Magic Cup;25FRA019;Championnats du mont de Laroche;8;6;0;14;0.0
2025;25FRA008;Magic Cup;25FRA021;Ezylake's cup;8;3;1;10;0.1
2025;25FRA008;Magic Cup;25FRA022;Aquacup (2+1);8;3;1;10;0.1
2025;25FRA008;Magic Cup;25FRA025;Legends of Ezylake;8;3;1;10;0.1
2025;25FRA008;Magic Cup;25FRA026;Coupe du pays de Montbeliard- Championnat Ligue BFC;8;2;0;10;0.0
2025;25FRA008;Magic Cup;25FRA027;Vinney's Cup 25;8;3;0;11;0.0
2025;25FRA008;Magic Cup;25FRA028;Austin's Cup 25;8;4;0;12;0.0
2025;25FRA008;Magic Cup;25FRA029;Jano's Cup 25;8;3;0;11;0.0
2025;25FRA008;Magic Cup;25FRA030;BAURECH Slalom CUP / 4 RDS;8;7;2;13;0.1538
2025;25FRA008;Magic Cup;25FRA031;BAURECH 3 EVENTS- RL 3 RDS/ Events;8;7;2;13;0.1538
2025;25FRA008;Magic Cup;25FRA032;BAURECH SLALOM SERIES 4RD;8;5;3;10;0.3
2025;25FRA008;Magic Cup;25FRA037;Championnat Ligue Grand Est et Coupe Richard Odin;8;3;1;10;0.1
2025;25FRA008;Magic Cup;25FRA206;Championnat de France U21 + OPEN;8;14;3;19;0.1579
2025;25FRA008;Magic Cup;25FRA208;Championnat de Ligue AURA 2025;8;2;0;10;0.0
2025;25FRA008;Magic Cup;25FRA217;New !!! Championnats de Ligue NAQU Mémorial Michel Naudinat;8;8;1;15;0.0667
2025;25FRA009;Magic Ski Time;25FRA010;Magic Challenge;4;5;3;6;0.5
2025;25FRA009;Magic Ski Time;25FRA011;Le Trophée d'Arc;4;1;0;5;0.0
2025;25FRA009;Magic Ski Time;25FRA013;LE PLAN D'EAU 3D 1/2 30ème anniversaire;4;4;0;8;0.0
2025;25FRA009;Magic Ski Time;25FRA014;LE PLAN D'EAU 3D 2/2 30ème anniversaire;4;3;0;7;0.0
2025;25FRA009;Magic Ski Time;25FRA019;Championnats du mont de Laroche;4;6;0;10;0.0
2025;25FRA009;Magic Ski Time;25FRA021;Ezylake's cup;4;3;1;6;0.1667
2025;25FRA009;Magic Ski Time;25FRA022;Aquacup (2+1);4;3;2;5;0.4
2025;25FRA009;Magic Ski Time;25FRA025;Legends of Ezylake;4;3;1;6;0.1667
2025;25FRA009;Magic Ski Time;25FRA026;Coupe du pays de Montbeliard- Championnat Ligue BFC;4;2;0;6;0.0
2025;25FRA009;Magic Ski Time;25FRA027;Vinney's Cup 25;4;3;0;7;0.0
2025;25FRA009;Magic Ski Time;25FRA028;Austin's Cup 25;4;4;0;8;0.0
2025;25FRA009;Magic Ski Time;25FRA029;Jano's Cup 25;4;3;0;7;0.0
2025;25FRA009;Magic Ski Time;25FRA030;BAURECH Slalom CUP / 4 RDS;4;7;0;11;0.0
2025;25FRA009;Magic Ski Time;25FRA031;BAURECH 3 EVENTS- RL 3 RDS/ Events;4;7;0;11;0.0
2025;25FRA009;Magic Ski Time;25FRA032;BAURECH SLALOM SERIES 4RD;4;5;0;9;0.0
2025;25FRA009;Magic Ski Time;25FRA037;Championnat Ligue Grand Est et Coupe Richard Odin;4;3;0;7;0.0
2025;25FRA009;Magic Ski Time;25FRA206;Championnat de France U21 + OPEN;4;14;0;18;0.0
2025;25FRA009;Magic Ski Time;25FRA208;Championnat de Ligue AURA 2025;4;2;0;6;0.0
2025;25FRA009;Magic Ski Time;25FRA217;New !!! Championnats de Ligue NAQU Mémorial Michel Naudinat;4;8;0;12;0.0
2025;25FRA010;Magic Challenge;25FRA011;Le Trophée d'Arc;5;1;0;6;0.0
2025;25FRA010;Magic Challenge;25FRA013;LE PLAN D'EAU 3D 1/2 30ème anniversaire;5;4;0;9;0.0
2025;25FRA010;Magic Challenge;25FRA014;LE PLAN D'EAU 3D 2/2 30ème anniversaire;5;3;0;8;0.0
2025;25FRA010;Magic Challenge;25FRA019;Championnats du mont de Laroche;5;6;0;11;0.0
2025;25FRA010;Magic Challenge;25FRA021;Ezylake's cup;5;3;1;7;0.1429
2025;25FRA010;Magic Challenge;25FRA022;Aquacup (2+1);5;3;1;7;0.1429
2025;25FRA010;Magic Challenge;25FRA025;Legends of Ezylake;5;3;1;7;0.1429
2025;25FRA010;Magic Challenge;25FRA026;Coupe du pays de Montbeliard- Championnat Ligue BFC;5;2;0;7;0.0
2025;25FRA010;Magic Challenge;25FRA027;Vinney's Cup 25;5;3;1;7;0.1429
2025;25FRA010;Magic Challenge;25FRA028;Austin's Cup 25;5;4;1;8;0.125
2025;25FRA010;Magic Challenge;25FRA029;Jano's Cup 25;5;3;1;7;0.1429
2025;25FRA010;Magic Challenge;25FRA030;BAURECH Slalom CUP / 4 RDS;5;7;0;12;0.0
2025;25FRA010;Magic Challenge;25FRA031;BAURECH 3 EVENTS- RL 3 RDS/ Events;5;7;0;12;0.0
2025;25FRA010;Magic Challenge;25FRA032;BAURECH SLALOM SERIES 4RD;5;5;1;9;0.1111
2025;25FRA010;Magic Challenge;25FRA037;Championnat Ligue Grand Est et Coupe Richard Odin;5;3;0;8;0.0
2025;25FRA010;Magic Challenge;25FRA206;Championnat de France U21 + OPEN;5;14;2;17;0.1176
2025;25FRA010;Magic Challenge;25FRA208;Championnat de Ligue AURA 2025;5;2;0;7;0.0
2025;25FRA010;Magic Challenge;25FRA217;New !!! Championnats de Ligue NAQU Mémorial Michel Naudinat;5;8;0;13;0.0
2025;25FRA011;Le Trophée d'Arc;25FRA013;LE PLAN D'EAU 3D 1/2 30ème anniversaire;1;4;0;5;0.0
2025;25FRA011;Le Trophée d'Arc;25FRA014;LE PLAN D'EAU 3D 2/2 30ème anniversaire;1;3;0;4;0.0
2025;25FRA011;Le Trophée d'Arc;25FRA019;Championnats du mont de Laroche;1;6;0;7;0.0
2025;25FRA011;Le Trophée d'Arc;25FRA021;Ezylake's cup;1;3;0;4;0.0
2025;25FRA011;Le Trophée d'Arc;25FRA022;Aquacup (2+1);1;3;0;4;0.0
2025;25FRA011;Le Trophée d'Arc;25FRA025;Legends of Ezylake;1;3;0;4;0.0
2025;25FRA011;Le Trophée d'Arc;25FRA026;Coupe du pays de Montbeliard- Championnat Ligue BFC;1;2;0;3;0.0
2025;25FRA011;Le Trophée d'Arc;25FRA027;Vinney's Cup 25;1;3;0;4;0.0
2025;25FRA011;Le Trophée d'Arc;25FRA028;Austin's Cup 25;1;4;0;5;0.0
2025;25FRA011;Le Trophée d'Arc;25FRA029;Jano's Cup 25;1;3;0;4;0.0
2025;25FRA011;Le Trophée d'Arc;25FRA030;BAURECH Slalom CUP / 4 RDS;1;7;0;8;0.0
2025;25FRA011;Le Trophée d'Arc;25FRA031;BAURECH 3 EVENTS- RL 3 RDS/ Events;1;7;0;8;0.0
2025;25FRA011;Le Trophée d'Arc;25FRA032;BAURECH SLALOM SERIES 4RD;1;5;0;6;0.0
2025;25FRA011;Le Trophée d'Arc;25FRA037;Championnat Ligue Grand Est et Coupe Richard Odin;1;3;0;4;0.0
2025;25FRA011;Le Trophée d'Arc;25FRA206;Championnat de France U21 + OPEN;1;14;1;14;0.0714
2025;25FRA011;Le Trophée d'Arc;25FRA208;Championnat de Ligue AURA 2025;1;2;0;3;0.0
2025;25FRA011;Le Trophée d'Arc;25FRA217;New !!! Championnats de Ligue NAQU Mémorial Michel Naudinat;1;8;0;9;0.0
2025;25FRA013;LE PLAN D'EAU 3D 1/2 30ème anniversaire;25FRA014;LE PLAN D'EAU 3D 2/2 30ème anniversaire;4;3;2;5;0.4
2025;25FRA013;LE PLAN D'EAU 3D 1/2 30ème anniversaire;25FRA019;Championnats du mont de Laroche;4;6;0;10;0.0
2025;25FRA013;LE PLAN D'EAU 3D 1/2 30ème anniversaire;25FRA021;Ezylake's cup;4;3;0;7;0.0
2025;25FRA013;LE PLAN D'EAU 3D 1/2 30ème anniversaire;25FRA022;Aquacup (2+1);4;3;0;7;0.0
2025;25FRA013;LE PLAN D'EAU 3D 1/2 30ème anniversaire;25FRA025;Legends of Ezylake;4;3;0;7;0.0
2025;25FRA013;LE PLAN D'EAU 3D 1/2 30ème anniversaire;25FRA026;Coupe du pays de Montbeliard- Championnat Ligue BFC;4;2;0;6;0.0
2025;25FRA013;LE PLAN D'EAU 3D 1/2 30ème anniversaire;25FRA027;Vinney's Cup 25;4;3;1;6;0.1667
2025;25FRA013;LE PLAN D'EAU 3D 1/2 30ème anniversaire;25FRA028;Austin's Cup 25;4;4;0;8;0.0
2025;25FRA013;LE PLAN D'EAU 3D 1/2 30ème anniversaire;25FRA029;Jano's Cup 25;4;3;0;7;0.0
2025;25FRA013;LE PLAN D'EAU 3D 1/2 30ème anniversaire;25FRA030;BAURECH Slalom CUP / 4 RDS;4;7;3;8;0.375
2025;25FRA013;LE PLAN D'EAU 3D 1/2 30ème anniversaire;25FRA031;BAURECH 3 EVENTS- RL 3 RDS/ Events;4;7;3;8;0.375
2025;25FRA013;LE PLAN D'EAU 3D 1/2 30ème anniversaire;25FRA032;BAURECH SLALOM SERIES 4RD;4;5;2;7;0.2857
2025;25FRA013;LE PLAN D'EAU 3D 1/2 30ème anniversaire;25FRA037;Championnat Ligue Grand Est et Coupe Richard Odin;4;3;0;7;0.0
2025;25FRA013;LE PLAN D'EAU 3D 1/2 30ème anniversaire;25FRA206;Championnat de France U21 + OPEN;4;14;2;16;0.125
2025;25FRA013;LE PLAN D'EAU 3D 1/2 30ème anniversaire;25FRA208;Championnat de Ligue AURA 2025;4;2;0;6;0.0
2025;25FRA013;LE PLAN D'EAU 3D 1/2 30ème anniversaire;25FRA217;New !!! Championnats de Ligue NAQU Mémorial Michel Naudinat;4;8;0;12;0.0
2025;25FRA014;LE PLAN D'EAU 3D 2/2 30ème anniversaire;25FRA019;Championnats du mont de Laroche;3;6;0;9;0.0
2025;25FRA014;LE PLAN D'EAU 3D 2/2 30ème anniversaire;25FRA021;Ezylake's cup;3;3;0;6;0.0
2025;25FRA014;LE PLAN D'EAU 3D 2/2 30ème anniversaire;25FRA022;Aquacup (2+1);3;3;0;6;0.0
2025;25FRA014;LE PLAN D'EAU 3D 2/2 30ème anniversaire;25FRA025;Legends of Ezylake;3;3;0;6;0.0
2025;25FRA014;LE PLAN D'EAU 3D 2/2 30ème anniversaire;25FRA026;Coupe du pays de Montbeliard- Championnat Ligue BFC;3;2;0;5;0.0
2025;25FRA014;LE PLAN D'EAU 3D 2/2 30ème anniversaire;25FRA027;Vinney's Cup 25;3;3;0;6;0.0
2025;25FRA014;LE PLAN D'EAU 3D 2/2 30ème anniversaire;25FRA028;Austin's Cup 25;3;4;0;7;0.0
2025;25FRA014;LE PLAN D'EAU 3D 2/2 30ème anniversaire;25FRA029;Jano's Cup 25;3;3;0;6;0.0
2025;25FRA014;LE PLAN D'EAU 3D 2/2 30ème anniversaire;25FRA030;BAURECH Slalom CUP / 4 RDS;3;7;2;8;0.25
2025;25FRA014;LE PLAN D'EAU 3D 2/2 30ème anniversaire;25FRA031;BAURECH 3 EVENTS- RL 3 RDS/ Events;3;7;2;8;0.25
2025;25FRA014;LE PLAN D'EAU 3D 2/2 30ème anniversaire;25FRA032;BAURECH SLALOM SERIES 4RD;3;5;2;6;0.3333
2025;25FRA014;LE PLAN D'EAU 3D 2/2 30ème anniversaire;25FRA037;Championnat Ligue Grand Est et Coupe Richard Odin;3;3;0;6;0.0
2025;25FRA014;LE PLAN D'EAU 3D 2/2 30ème anniversaire;25FRA206;Championnat de France U21 + OPEN;3;14;2;15;0.1333
2025;25FRA014;LE PLAN D'EAU 3D 2/2 30ème anniversaire;25FRA208;Championnat de Ligue AURA 2025;3;2;0;5;0.0
2025;25FRA014;LE PLAN D'EAU 3D 2/2 30ème anniversaire;25FRA217;New !!! Championnats de Ligue NAQU Mémorial Michel Naudinat;3;8;0;11;0.0
2025;25FRA019;Championnats du mont de Laroche;25FRA021;Ezylake's cup;6;3;0;9;0.0
2025;25FRA019;Championnats du mont de Laroche;25FRA022;Aquacup (2+1);6;3;0;9;0.0
2025;25FRA019;Championnats du mont de Laroche;25FRA025;Legends of Ezylake;6;3;0;9;0.0
2025;25FRA019;Championnats du mont de Laroche;25FRA026;Coupe du pays de Montbeliard- Championnat Ligue BFC;6;2;1;7;0.1429
2025;25FRA019;Championnats du mont de Laroche;25FRA027;Vinney's Cup 25;6;3;0;9;0.0
2025;25FRA019;Championnats du mont de Laroche;25FRA028;Austin's Cup 25;6;4;0;10;0.0
2025;25FRA019;Championnats du mont de Laroche;25FRA029;Jano's Cup 25;6;3;0;9;0.0
2025;25FRA019;Championnats du mont de Laroche;25FRA030;BAURECH Slalom CUP / 4 RDS;6;7;0;13;0.0
2025;25FRA019;Championnats du mont de Laroche;25FRA031;BAURECH 3 EVENTS- RL 3 RDS/ Events;6;7;0;13;0.0
2025;25FRA019;Championnats du mont de Laroche;25FRA032;BAURECH SLALOM SERIES 4RD;6;5;0;11;0.0
2025;25FRA019;Championnats du mont de Laroche;25FRA037;Championnat Ligue Grand Est et Coupe Richard Odin;6;3;0;9;0.0
2025;25FRA019;Championnats du mont de Laroche;25FRA206;Championnat de France U21 + OPEN;6;14;0;20;0.0
2025;25FRA019;Championnats du mont de Laroche;25FRA208;Championnat de Ligue AURA 2025;6;2;0;8;0.0
2025;25FRA019;Championnats du mont de Laroche;25FRA217;New !!! Championnats de Ligue NAQU Mémorial Michel Naudinat;6;8;0;14;0.0
2025;25FRA021;Ezylake's cup;25FRA022;Aquacup (2+1);3;3;1;5;0.2
2025;25FRA021;Ezylake's cup;25FRA025;Legends of Ezylake;3;3;2;4;0.5
2025;25FRA021;Ezylake's cup;25FRA026;Coupe du pays de Montbeliard- Championnat Ligue BFC;3;2;0;5;0.0
2025;25FRA021;Ezylake's cup;25FRA027;Vinney's Cup 25;3;3;0;6;0.0
2025;25FRA021;Ezylake's cup;25FRA028;Austin's Cup 25;3;4;1;6;0.1667
2025;25FRA021;Ezylake's cup;25FRA029;Jano's Cup 25;3;3;0;6;0.0
2025;25FRA021;Ezylake's cup;25FRA030;BAURECH Slalom CUP / 4 RDS;3;7;0;10;0.0
2025;25FRA021;Ezylake's cup;25FRA031;BAURECH 3 EVENTS- RL 3 RDS/ Events;3;7;1;9;0.1111
2025;25FRA021;Ezylake's cup;25FRA032;BAURECH SLALOM SERIES 4RD;3;5;0;8;0.0
2025;25FRA021;Ezylake's cup;25FRA037;Championnat Ligue Grand Est et Coupe Richard Odin;3;3;0;6;0.0
2025;25FRA021;Ezylake's cup;25FRA206;Championnat de France U21 + OPEN;3;14;0;17;0.0
2025;25FRA021;Ezylake's cup;25FRA208;Championnat de Ligue AURA 2025;3;2;0;5;0.0
2025;25FRA021;Ezylake's cup;25FRA217;New !!! Championnats de Ligue NAQU Mémorial Michel Naudinat;3;8;1;10;0.1
2025;25FRA022;Aquacup (2+1);25FRA025;Legends of Ezylake;3;3;1;5;0.2
2025;25FRA022;Aquacup (2+1);25FRA026;Coupe du pays de Montbeliard- Championnat Ligue BFC;3;2;0;5;0.0
2025;25FRA022;Aquacup (2+1);25FRA027;Vinney's Cup 25;3;3;0;6;0.0
2025;25FRA022;Aquacup (2+1);25FRA028;Austin's Cup 25;3;4;0;7;0.0
2025;25FRA022;Aquacup (2+1);25FRA029;Jano's Cup 25;3;3;0;6;0.0
2025;25FRA022;Aquacup (2+1);25FRA030;BAURECH Slalom CUP / 4 RDS;3;7;1;9;0.1111
2025;25FRA022;Aquacup (2+1);25FRA031;BAURECH 3 EVENTS- RL 3 RDS/ Events;3;7;0;10;0.0
2025;25FRA022;Aquacup (2+1);25FRA032;BAURECH SLALOM SERIES 4RD;3;5;0;8;0.0
2025;25FRA022;Aquacup (2+1);25FRA037;Championnat Ligue Grand Est et Coupe Richard Odin;3;3;0;6;0.0
2025;25FRA022;Aquacup (2+1);25FRA206;Championnat de France U21 + OPEN;3;14;0;17;0.0
2025;25FRA022;Aquacup (2+1);25FRA208;Championnat de Ligue AURA 2025;3;2;0;5;0.0
2025;25FRA022;Aquacup (2+1);25FRA217;New !!! Championnats de Ligue NAQU Mémorial Michel Naudinat;3;8;0;11;0.0
2025;25FRA025;Legends of Ezylake;25FRA026;Coupe du pays de Montbeliard- Championnat Ligue BFC;3;2;0;5;0.0
2025;25FRA025;Legends of Ezylake;25FRA027;Vinney's Cup 25;3;3;0;6;0.0
2025;25FRA025;Legends of Ezylake;25FRA028;Austin's Cup 25;3;4;1;6;0.1667
2025;25FRA025;Legends of Ezylake;25FRA029;Jano's Cup 25;3;3;0;6;0.0
2025;25FRA025;Legends of Ezylake;25FRA030;BAURECH Slalom CUP / 4 RDS;3;7;0;10;0.0
2025;25FRA025;Legends of Ezylake;25FRA031;BAURECH 3 EVENTS- RL 3 RDS/ Events;3;7;0;10;0.0
2025;25FRA025;Legends of Ezylake;25FRA032;BAURECH SLALOM SERIES 4RD;3;5;0;8;0.0
2025;25FRA025;Legends of Ezylake;25FRA037;Championnat Ligue Grand Est et Coupe Richard Odin;3;3;0;6;0.0
2025;25FRA025;Legends of Ezylake;25FRA206;Championnat de France U21 + OPEN;3;14;0;17;0.0
2025;25FRA025;Legends of Ezylake;25FRA208;Championnat de Ligue AURA 2025;3;2;0;5;0.0
2025;25FRA025;Legends of Ezylake;25FRA217;New !!! Championnats de Ligue NAQU Mémorial Michel Naudinat;3;8;0;11;0.0
2025;25FRA026;Coupe du pays de Montbeliard- Championnat Ligue BFC;25FRA027;Vinney's Cup 25;2;3;0;5;0.0
2025;25FRA026;Coupe du pays de Montbeliard- Championnat Ligue BFC;25FRA028;Austin's Cup 25;2;4;0;6;0.0
2025;25FRA026;Coupe du pays de Montbeliard- Championnat Ligue BFC;25FRA029;Jano's Cup 25;2;3;0;5;0.0
2025;25FRA026;Coupe du pays de Montbeliard- Championnat Ligue BFC;25FRA030;BAURECH Slalom CUP / 4 RDS;2;7;0;9;0.0
2025;25FRA026;Coupe du pays de Montbeliard- Championnat Ligue BFC;25FRA031;BAURECH 3 EVENTS- RL 3 RDS/ Events;2;7;0;9;0.0
2025;25FRA026;Coupe du pays de Montbeliard- Championnat Ligue BFC;25FRA032;BAURECH SLALOM SERIES 4RD;2;5;0;7;0.0
2025;25FRA026;Coupe du pays de Montbeliard- Championnat Ligue BFC;25FRA037;Championnat Ligue Grand Est et Coupe Richard Odin;2;3;0;5;0.0
2025;25FRA026;Coupe du pays de Montbeliard- Championnat Ligue BFC;25FRA206;Championnat de France U21 + OPEN;2;14;0;16;0.0
2025;25FRA026;Coupe du pays de Montbeliard- Championnat Ligue BFC;25FRA208;Championnat de Ligue AURA 2025;2;2;0;4;0.0
2025;25FRA026;Coupe du pays de Montbeliard- Championnat Ligue BFC;25FRA217;New !!! Championnats de Ligue NAQU Mémorial Michel Naudinat;2;8;0;10;0.0
2025;25FRA027;Vinney's Cup 25;25FRA028;Austin's Cup 25;3;4;1;6;0.1667
2025;25FRA027;Vinney's Cup 25;25FRA029;Jano's Cup 25;3;3;2;4;0.5
2025;25FRA027;Vinney's Cup 25;25FRA030;BAURECH Slalom CUP / 4 RDS;3;7;2;8;0.25
2025;25FRA027;Vinney's Cup 25;25FRA031;BAURECH 3 EVENTS- RL 3 RDS/ Events;3;7;2;8;0.25
2025;25FRA027;Vinney's Cup 25;25FRA032;BAURECH SLALOM SERIES 4RD;3;5;2;6;0.3333
2025;25FRA027;Vinney's Cup 25;25FRA037;Championnat Ligue Grand Est et Coupe Richard Odin;3;3;0;6;0.0
2025;25FRA027;Vinney's Cup 25;25FRA206;Championnat de France U21 + OPEN;3;14;1;16;0.0625
2025;25FRA027;Vinney's Cup 25;25FRA208;Championnat de Ligue AURA 2025;3;2;0;5;0.0
2025;25FRA027;Vinney's Cup 25;25FRA217;New !!! Championnats de Ligue NAQU Mémorial Michel Naudinat;3;8;0;11;0.0
2025;25FRA028;Austin's Cup 25;25FRA029;Jano's Cup 25;4;3;2;5;0.4
2025;25FRA028;Austin's Cup 25;25FRA030;BAURECH Slalom CUP / 4 RDS;4;7;0;11;0.0
2025;25FRA028;Austin's Cup 25;25FRA031;BAURECH 3 EVENTS- RL 3 RDS/ Events;4;7;0;11;0.0
2025;25FRA028;Austin's Cup 25;25FRA032;BAURECH SLALOM SERIES 4RD;4;5;1;8;0.125
2025;25FRA028;Austin's Cup 25;25FRA037;Championnat Ligue Grand Est et Coupe Richard Odin;4;3;0;7;0.0
2025;25FRA028;Austin's Cup 25;25FRA206;Championnat de France U21 + OPEN;4;14;1;17;0.0588
2025;25FRA028;Austin's Cup 25;25FRA208;Championnat de Ligue AURA 2025;4;2;0;6;0.0
2025;25FRA028;Austin's Cup 25;25FRA217;New !!! Championnats de Ligue NAQU Mémorial Michel Naudinat;4;8;0;12;0.0
2025;25FRA029;Jano's Cup 25;25FRA030;BAURECH Slalom CUP / 4 RDS;3;7;1;9;0.1111
2025;25FRA029;Jano's Cup 25;25FRA031;BAURECH 3 EVENTS- RL 3 RDS/ Events;3;7;1;9;0.1111
2025;25FRA029;Jano's Cup 25;25FRA032;BAURECH SLALOM SERIES 4RD;3;5;2;6;0.3333
2025;25FRA029;Jano's Cup 25;25FRA037;Championnat Ligue Grand Est et Coupe Richard Odin;3;3;0;6;0.0
2025;25FRA029;Jano's Cup 25;25FRA206;Championnat de France U21 + OPEN;3;14;1;16;0.0625
2025;25FRA029;Jano's Cup 25;25FRA208;Championnat de Ligue AURA 2025;3;2;0;5;0.0
2025;25FRA029;Jano's Cup 25;25FRA217;New !!! Championnats de Ligue NAQU Mémorial Michel Naudinat;3;8;0;11;0.0
2025;25FRA030;BAURECH Slalom CUP / 4 RDS;25FRA031;BAURECH 3 EVENTS- RL 3 RDS/ Events;7;7;5;9;0.5556
2025;25FRA030;BAURECH Slalom CUP / 4 RDS;25FRA032;BAURECH SLALOM SERIES 4RD;7;5;3;9;0.3333
2025;25FRA030;BAURECH Slalom CUP / 4 RDS;25FRA037;Championnat Ligue Grand Est et Coupe Richard Odin;7;3;0;10;0.0
2025;25FRA030;BAURECH Slalom CUP / 4 RDS;25FRA206;Championnat de France U21 + OPEN;7;14;3;18;0.1667
2025;25FRA030;BAURECH Slalom CUP / 4 RDS;25FRA208;Championnat de Ligue AURA 2025;7;2;0;9;0.0
2025;25FRA030;BAURECH Slalom CUP / 4 RDS;25FRA217;New !!! Championnats de Ligue NAQU Mémorial Michel Naudinat;7;8;1;14;0.0714
2025;25FRA031;BAURECH 3 EVENTS- RL 3 RDS/ Events;25FRA032;BAURECH SLALOM SERIES 4RD;7;5;3;9;0.3333
2025;25FRA031;BAURECH 3 EVENTS- RL 3 RDS/ Events;25FRA037;Championnat Ligue Grand Est et Coupe Richard Odin;7;3;0;10;0.0
2025;25FRA031;BAURECH 3 EVENTS- RL 3 RDS/ Events;25FRA206;Championnat de France U21 + OPEN;7;14;2;19;0.1053
2025;25FRA031;BAURECH 3 EVENTS- RL 3 RDS/ Events;25FRA208;Championnat de Ligue AURA 2025;7;2;0;9;0.0
2025;25FRA031;BAURECH 3 EVENTS- RL 3 RDS/ Events;25FRA217;New !!! Championnats de Ligue NAQU Mémorial Michel Naudinat;7;8;2;13;0.1538
2025;25FRA032;BAURECH SLALOM SERIES 4RD;25FRA037;Championnat Ligue Grand Est et Coupe Richard Odin;5;3;1;7;0.1429
2025;25FRA032;BAURECH SLALOM SERIES 4RD;25FRA206;Championnat de France U21 + OPEN;5;14;3;16;0.1875
2025;25FRA032;BAURECH SLALOM SERIES 4RD;25FRA208;Championnat de Ligue AURA 2025;5;2;0;7;0.0
2025;25FRA032;BAURECH SLALOM SERIES 4RD;25FRA217;New !!! Championnats de Ligue NAQU Mémorial Michel Naudinat;5;8;1;12;0.0833
2025;25FRA037;Championnat Ligue Grand Est et Coupe Richard Odin;25FRA206;Championnat de France U21 + OPEN;3;14;0;17;0.0
2025;25FRA037;Championnat Ligue Grand Est et Coupe Richard Odin;25FRA208;Championnat de Ligue AURA 2025;3;2;0;5;0.0
2025;25FRA037;Championnat Ligue Grand Est et Coupe Richard Odin;25FRA217;New !!! Championnats de Ligue NAQU Mémorial Michel Naudinat;3;8;1;10;0.1
2025;25FRA206;Championnat de France U21 + OPEN;25FRA208;Championnat de Ligue AURA 2025;14;2;2;14;0.1429
2025;25FRA206;Championnat de France U21 + OPEN;25FRA217;New !!! Championnats de Ligue NAQU Mémorial Michel Naudinat;14;8;0;22;0.0
2025;25FRA208;Championnat de Ligue AURA 2025;25FRA217;New !!! Championnats de Ligue NAQU Mémorial Michel Naudinat;2;8;0;10;0.0
